{"CategoryName":"Team Cymru Use Cases","OverviewTemplatesDetails":[],"WidgetTemplates":[],"Definition":{"Identifier":"28b01799-cb1a-498e-bebd-584a1aff37f0","IsEnable":true,"Version":0.0,"IsArchived":false,"IsAutomatic":true,"Name":"Suspicious Tags","Category":2,"Description":"Isolates any IP addresses that contains any suspicious tags enriched from Team Cymru Scout","Priority":2,"Creator":"11f7964a-fbca-4a65-a00f-b0f3f2f2ed9e","VersionCreator":null,"VersionComment":null,"OriginalWorkflowIdentifier":"a083fbbc-c72c-4882-b1de-2f86bff83141","TemplateName":null,"PlaybookType":0,"IsDebugMode":false,"DebugBaseAlertIdentifier":null,"DebugAlertIdentifier":null,"SimulationClone":false,"DefaultAccessLevel":2,"Steps":[{"Identifier":"2ba3e2a2-0cc5-4fe2-836f-2849157b5d77","OriginalStepIdentifier":"61b6c4a2-089d-4292-b270-bbe80a0e2178","ParentWorkflowIdentifier":"28b01799-cb1a-498e-bebd-584a1aff37f0","ParentStepIdentifiers":[],"ParentStepIdentifier":"","PreviousResultCondition":null,"InstanceName":"Extract Tags for IP","IsAutomatic":true,"Name":"Team Cymru Scout_Extract Tags","IsSkippable":false,"Description":"Extract tags from the input JSON response, and validate if any suspicious tags are found.","ActionProvider":"Scripts","ActionName":"Team Cymru Scout_Extract Tags","Type":0,"Integration":"Team Cymru Scout","Parameters":[{"ParentStepIdentifier":"2ba3e2a2-0cc5-4fe2-836f-2849157b5d77","ParentWorkflowIdentifier":"28b01799-cb1a-498e-bebd-584a1aff37f0","Name":"AssignedUsers","Value":null},{"ParentStepIdentifier":"2ba3e2a2-0cc5-4fe2-836f-2849157b5d77","ParentWorkflowIdentifier":"28b01799-cb1a-498e-bebd-584a1aff37f0","Name":"DynamicInjectionInstancePlaceholder","Value":""},{"ParentStepIdentifier":"2ba3e2a2-0cc5-4fe2-836f-2849157b5d77","ParentWorkflowIdentifier":"28b01799-cb1a-498e-bebd-584a1aff37f0","Name":"FallbackIntegrationInstance","Value":null},{"ParentStepIdentifier":"2ba3e2a2-0cc5-4fe2-836f-2849157b5d77","ParentWorkflowIdentifier":"28b01799-cb1a-498e-bebd-584a1aff37f0","Name":"FetchInstanceByName","Value":"false"},{"ParentStepIdentifier":"2ba3e2a2-0cc5-4fe2-836f-2849157b5d77","ParentWorkflowIdentifier":"28b01799-cb1a-498e-bebd-584a1aff37f0","Name":"HasApprovalLink","Value":null},{"ParentStepIdentifier":"2ba3e2a2-0cc5-4fe2-836f-2849157b5d77","ParentWorkflowIdentifier":"28b01799-cb1a-498e-bebd-584a1aff37f0","Name":"IntegrationInstance","Value":"AutomaticEnvironment"},{"ParentStepIdentifier":"2ba3e2a2-0cc5-4fe2-836f-2849157b5d77","ParentWorkflowIdentifier":"28b01799-cb1a-498e-bebd-584a1aff37f0","Name":"MessageToAssignee","Value":null},{"ParentStepIdentifier":"2ba3e2a2-0cc5-4fe2-836f-2849157b5d77","ParentWorkflowIdentifier":"28b01799-cb1a-498e-bebd-584a1aff37f0","Name":"PendingActionTimeout","Value":null},{"ParentStepIdentifier":"2ba3e2a2-0cc5-4fe2-836f-2849157b5d77","ParentWorkflowIdentifier":"28b01799-cb1a-498e-bebd-584a1aff37f0","Name":"ScriptName","Value":"Team Cymru Scout_Extract Tags"},{"ParentStepIdentifier":"2ba3e2a2-0cc5-4fe2-836f-2849157b5d77","ParentWorkflowIdentifier":"28b01799-cb1a-498e-bebd-584a1aff37f0","Name":"ScriptParametersEntityFields","Value":"{\"IP Address\":\"1.1.1.1\",\"Tags to Search\":\"malware, phishing\"}"},{"ParentStepIdentifier":"2ba3e2a2-0cc5-4fe2-836f-2849157b5d77","ParentWorkflowIdentifier":"28b01799-cb1a-498e-bebd-584a1aff37f0","Name":"SelectedScopeName","Value":"All IP addresses"}],"AutoSkipOnFailure":false,"IsDebugMockData":false,"StepDebugData":{"CreationTimeUnixTimeInMs":0,"ModificationTimeUnixTimeInMs":0,"OriginalWorkflowIdentifier":"a083fbbc-c72c-4882-b1de-2f86bff83141","OriginalStepIdentifier":"61b6c4a2-089d-4292-b270-bbe80a0e2178","ResultValue":"","ResultJson":"","ScopeEntitiesEnrichmentData":[],"ScopeEntitiesEnrichmentDataJson":"[]"},"ParentStepContainerId":null,"IsTouchedByAi":false,"ParallelActions":[]},{"Identifier":"b56f8161-481c-416e-8e64-27e2c2a967fc","OriginalStepIdentifier":"ce0c9f27-86be-4c3b-861a-d3d2c2038c96","ParentWorkflowIdentifier":"28b01799-cb1a-498e-bebd-584a1aff37f0","ParentStepIdentifiers":["e8ba8e2a-00b8-4059-92be-70f9851436a1"],"ParentStepIdentifier":"e8ba8e2a-00b8-4059-92be-70f9851436a1","PreviousResultCondition":"{\n  \"e8ba8e2a-00b8-4059-92be-70f9851436a1\": \"2\"\n}","InstanceName":"Close Case","IsAutomatic":true,"Name":"Siemplify_Close Case","IsSkippable":false,"Description":"Closes the case the current alert has been grouped to","ActionProvider":"Scripts","ActionName":"Siemplify_Close Case","Type":0,"Integration":"Siemplify","Parameters":[{"ParentStepIdentifier":"b56f8161-481c-416e-8e64-27e2c2a967fc","ParentWorkflowIdentifier":"28b01799-cb1a-498e-bebd-584a1aff37f0","Name":"AssignedUsers","Value":null},{"ParentStepIdentifier":"b56f8161-481c-416e-8e64-27e2c2a967fc","ParentWorkflowIdentifier":"28b01799-cb1a-498e-bebd-584a1aff37f0","Name":"AsyncActionTimeout","Value":"86400"},{"ParentStepIdentifier":"b56f8161-481c-416e-8e64-27e2c2a967fc","ParentWorkflowIdentifier":"28b01799-cb1a-498e-bebd-584a1aff37f0","Name":"AsyncPollingInterval","Value":"3600"},{"ParentStepIdentifier":"b56f8161-481c-416e-8e64-27e2c2a967fc","ParentWorkflowIdentifier":"28b01799-cb1a-498e-bebd-584a1aff37f0","Name":"DynamicInjectionInstancePlaceholder","Value":""},{"ParentStepIdentifier":"b56f8161-481c-416e-8e64-27e2c2a967fc","ParentWorkflowIdentifier":"28b01799-cb1a-498e-bebd-584a1aff37f0","Name":"FallbackIntegrationInstance","Value":"722686c4-4c46-41bc-8ad6-757b28c5f083"},{"ParentStepIdentifier":"b56f8161-481c-416e-8e64-27e2c2a967fc","ParentWorkflowIdentifier":"28b01799-cb1a-498e-bebd-584a1aff37f0","Name":"FetchInstanceByName","Value":"false"},{"ParentStepIdentifier":"b56f8161-481c-416e-8e64-27e2c2a967fc","ParentWorkflowIdentifier":"28b01799-cb1a-498e-bebd-584a1aff37f0","Name":"HasApprovalLink","Value":null},{"ParentStepIdentifier":"b56f8161-481c-416e-8e64-27e2c2a967fc","ParentWorkflowIdentifier":"28b01799-cb1a-498e-bebd-584a1aff37f0","Name":"IntegrationInstance","Value":"AutomaticEnvironment"},{"ParentStepIdentifier":"b56f8161-481c-416e-8e64-27e2c2a967fc","ParentWorkflowIdentifier":"28b01799-cb1a-498e-bebd-584a1aff37f0","Name":"MessageToAssignee","Value":null},{"ParentStepIdentifier":"b56f8161-481c-416e-8e64-27e2c2a967fc","ParentWorkflowIdentifier":"28b01799-cb1a-498e-bebd-584a1aff37f0","Name":"PendingActionTimeout","Value":null},{"ParentStepIdentifier":"b56f8161-481c-416e-8e64-27e2c2a967fc","ParentWorkflowIdentifier":"28b01799-cb1a-498e-bebd-584a1aff37f0","Name":"ScriptName","Value":"Siemplify_Close Case"},{"ParentStepIdentifier":"b56f8161-481c-416e-8e64-27e2c2a967fc","ParentWorkflowIdentifier":"28b01799-cb1a-498e-bebd-584a1aff37f0","Name":"ScriptParametersEntityFields","Value":"{\"Reason\":\"NotMalicious\",\"Root Cause\":\"Normal behavior\",\"Comment\":\"The IP: 1.1.1.1 is found to be non-malicious. Hence, the case can be considered a false positive and closed.\"}"},{"ParentStepIdentifier":"b56f8161-481c-416e-8e64-27e2c2a967fc","ParentWorkflowIdentifier":"28b01799-cb1a-498e-bebd-584a1aff37f0","Name":"SelectedScopeName","Value":"All IP addresses"}],"AutoSkipOnFailure":false,"IsDebugMockData":false,"StepDebugData":null,"ParentStepContainerId":null,"IsTouchedByAi":false,"ParallelActions":[]},{"Identifier":"c103b414-427c-4396-8b3b-b0acb78396c0","OriginalStepIdentifier":"cf10de78-7020-42de-a996-46809b64abd5","ParentWorkflowIdentifier":"28b01799-cb1a-498e-bebd-584a1aff37f0","ParentStepIdentifiers":["e8ba8e2a-00b8-4059-92be-70f9851436a1"],"ParentStepIdentifier":"e8ba8e2a-00b8-4059-92be-70f9851436a1","PreviousResultCondition":"{\n  \"e8ba8e2a-00b8-4059-92be-70f9851436a1\": \"1\"\n}","InstanceName":"Block IP","IsAutomatic":true,"Name":"Block IP","IsSkippable":false,"Description":"Block IP Address by raising a ticket in the ServiceNow platform","ActionProvider":"Flow","ActionName":"NestedAction","Type":5,"Integration":"Siemplify","Parameters":[{"ParentStepIdentifier":"c103b414-427c-4396-8b3b-b0acb78396c0","ParentWorkflowIdentifier":"28b01799-cb1a-498e-bebd-584a1aff37f0","Name":"AssignedUsers","Value":null},{"ParentStepIdentifier":"c103b414-427c-4396-8b3b-b0acb78396c0","ParentWorkflowIdentifier":"28b01799-cb1a-498e-bebd-584a1aff37f0","Name":"DynamicInjectionInstancePlaceholder","Value":null},{"ParentStepIdentifier":"c103b414-427c-4396-8b3b-b0acb78396c0","ParentWorkflowIdentifier":"28b01799-cb1a-498e-bebd-584a1aff37f0","Name":"FetchInstanceByName","Value":null},{"ParentStepIdentifier":"c103b414-427c-4396-8b3b-b0acb78396c0","ParentWorkflowIdentifier":"28b01799-cb1a-498e-bebd-584a1aff37f0","Name":"HasApprovalLink","Value":null},{"ParentStepIdentifier":"c103b414-427c-4396-8b3b-b0acb78396c0","ParentWorkflowIdentifier":"28b01799-cb1a-498e-bebd-584a1aff37f0","Name":"MessageToAssignee","Value":null},{"ParentStepIdentifier":"c103b414-427c-4396-8b3b-b0acb78396c0","ParentWorkflowIdentifier":"28b01799-cb1a-498e-bebd-584a1aff37f0","Name":"NestedWorkflowIdentifier","Value":"dd4c574e-8a0c-470c-a1b4-c0ace450afdc"},{"ParentStepIdentifier":"c103b414-427c-4396-8b3b-b0acb78396c0","ParentWorkflowIdentifier":"28b01799-cb1a-498e-bebd-584a1aff37f0","Name":"NestedWorkflowInputs","Value":"[{\"FieldName\":\"IP Address\",\"Value\":null}]"},{"ParentStepIdentifier":"c103b414-427c-4396-8b3b-b0acb78396c0","ParentWorkflowIdentifier":"28b01799-cb1a-498e-bebd-584a1aff37f0","Name":"PendingActionTimeout","Value":null}],"AutoSkipOnFailure":false,"IsDebugMockData":false,"StepDebugData":null,"ParentStepContainerId":null,"IsTouchedByAi":false,"ParallelActions":[]},{"Identifier":"e8ba8e2a-00b8-4059-92be-70f9851436a1","OriginalStepIdentifier":"85cdaded-5e9d-47b0-96bc-ba320adc2fed","ParentWorkflowIdentifier":"28b01799-cb1a-498e-bebd-584a1aff37f0","ParentStepIdentifiers":["2ba3e2a2-0cc5-4fe2-836f-2849157b5d77"],"ParentStepIdentifier":"2ba3e2a2-0cc5-4fe2-836f-2849157b5d77","PreviousResultCondition":"{}","InstanceName":"Matching Tags Found ?","IsAutomatic":true,"Name":"Condition","IsSkippable":false,"Description":"This condition determines the progress of the playbook. Conditions are built based on cases data (cases, alerts, vents, entities and environment properties) as-well as data that comes back from previous playbook steps.","ActionProvider":"Flow","ActionName":"IfFlowCondition","Type":4,"Integration":"Flow","Parameters":[{"ParentStepIdentifier":"e8ba8e2a-00b8-4059-92be-70f9851436a1","ParentWorkflowIdentifier":"28b01799-cb1a-498e-bebd-584a1aff37f0","Name":"AssignedUsers","Value":null},{"ParentStepIdentifier":"e8ba8e2a-00b8-4059-92be-70f9851436a1","ParentWorkflowIdentifier":"28b01799-cb1a-498e-bebd-584a1aff37f0","Name":"Branches","Value":"[{\"LogicalOperator\":0,\"Conditions\":[{\"Operator\":0,\"FieldName\":\"[Extract Tags for IP.ScriptResult]\\n\",\"Type\":2,\"Value\":\"true\"}],\"Order\":1,\"IsDefaultBranch\":false,\"Name\":\"Branch\"},{\"LogicalOperator\":0,\"Conditions\":[],\"Order\":2,\"IsDefaultBranch\":true,\"Name\":\"Branch\"}]"},{"ParentStepIdentifier":"e8ba8e2a-00b8-4059-92be-70f9851436a1","ParentWorkflowIdentifier":"28b01799-cb1a-498e-bebd-584a1aff37f0","Name":"DynamicInjectionInstancePlaceholder","Value":null},{"ParentStepIdentifier":"e8ba8e2a-00b8-4059-92be-70f9851436a1","ParentWorkflowIdentifier":"28b01799-cb1a-498e-bebd-584a1aff37f0","Name":"ErrorFallbackBranch","Value":null},{"ParentStepIdentifier":"e8ba8e2a-00b8-4059-92be-70f9851436a1","ParentWorkflowIdentifier":"28b01799-cb1a-498e-bebd-584a1aff37f0","Name":"FetchInstanceByName","Value":null},{"ParentStepIdentifier":"e8ba8e2a-00b8-4059-92be-70f9851436a1","ParentWorkflowIdentifier":"28b01799-cb1a-498e-bebd-584a1aff37f0","Name":"HasApprovalLink","Value":null},{"ParentStepIdentifier":"e8ba8e2a-00b8-4059-92be-70f9851436a1","ParentWorkflowIdentifier":"28b01799-cb1a-498e-bebd-584a1aff37f0","Name":"MessageToAssignee","Value":null},{"ParentStepIdentifier":"e8ba8e2a-00b8-4059-92be-70f9851436a1","ParentWorkflowIdentifier":"28b01799-cb1a-498e-bebd-584a1aff37f0","Name":"PendingActionTimeout","Value":null},{"ParentStepIdentifier":"e8ba8e2a-00b8-4059-92be-70f9851436a1","ParentWorkflowIdentifier":"28b01799-cb1a-498e-bebd-584a1aff37f0","Name":"SelectedScopeName","Value":"All entities"}],"AutoSkipOnFailure":false,"IsDebugMockData":false,"StepDebugData":null,"ParentStepContainerId":null,"IsTouchedByAi":false,"ParallelActions":[]}],"Triggers":[{"Identifier":"5d42800c-e42b-4c76-9721-b46e60ad79e4","IsEnabled":true,"DefinitionIdentifier":"28b01799-cb1a-498e-bebd-584a1aff37f0","Type":8,"WorkflowName":null,"LogicalOperator":0,"Conditions":[{"FieldName":"","MatchType":0,"Value":""}],"Environments":["*"]}],"OverviewTemplates":[],"Permissions":[],"Environments":["*"]}}