{"CategoryName":"Team Cymru Use Cases","OverviewTemplatesDetails":[],"WidgetTemplates":[],"Definition":{"Identifier":"8664820a-c8f3-4776-860a-89b024c9bbe5","IsEnable":true,"Version":1.0,"IsArchived":false,"IsAutomatic":true,"Name":"Get Domain Certs","Category":2,"Description":"Display the certificates for IPs related to the given domain.","Priority":2,"Creator":"11f7964a-fbca-4a65-a00f-b0f3f2f2ed9e","VersionCreator":null,"VersionComment":null,"OriginalWorkflowIdentifier":"8664820a-c8f3-4776-860a-89b024c9bbe5","TemplateName":null,"PlaybookType":0,"IsDebugMode":false,"DebugBaseAlertIdentifier":null,"DebugAlertIdentifier":null,"SimulationClone":false,"DefaultAccessLevel":2,"Steps":[{"Identifier":"089a873c-380b-4f65-bd3d-2d6e8bc4264a","OriginalStepIdentifier":"089a873c-380b-4f65-bd3d-2d6e8bc4264a","ParentWorkflowIdentifier":"8664820a-c8f3-4776-860a-89b024c9bbe5","ParentStepIdentifiers":["a9c77b49-0ce6-4a50-ab7a-0289c58e790c"],"ParentStepIdentifier":"a9c77b49-0ce6-4a50-ab7a-0289c58e790c","PreviousResultCondition":"{}","InstanceName":"Display Certificates","IsAutomatic":true,"Name":"Tools_Buffer","IsSkippable":false,"Description":"The action receives a json and returns it as a json result","ActionProvider":"Scripts","ActionName":"Tools_Buffer","Type":0,"Integration":"Tools","Parameters":[{"ParentStepIdentifier":"089a873c-380b-4f65-bd3d-2d6e8bc4264a","ParentWorkflowIdentifier":"8664820a-c8f3-4776-860a-89b024c9bbe5","Name":"AssignedUsers","Value":null},{"ParentStepIdentifier":"089a873c-380b-4f65-bd3d-2d6e8bc4264a","ParentWorkflowIdentifier":"8664820a-c8f3-4776-860a-89b024c9bbe5","Name":"AsyncActionTimeout","Value":"86400"},{"ParentStepIdentifier":"089a873c-380b-4f65-bd3d-2d6e8bc4264a","ParentWorkflowIdentifier":"8664820a-c8f3-4776-860a-89b024c9bbe5","Name":"AsyncPollingInterval","Value":"3600"},{"ParentStepIdentifier":"089a873c-380b-4f65-bd3d-2d6e8bc4264a","ParentWorkflowIdentifier":"8664820a-c8f3-4776-860a-89b024c9bbe5","Name":"DynamicInjectionInstancePlaceholder","Value":""},{"ParentStepIdentifier":"089a873c-380b-4f65-bd3d-2d6e8bc4264a","ParentWorkflowIdentifier":"8664820a-c8f3-4776-860a-89b024c9bbe5","Name":"FallbackIntegrationInstance","Value":null},{"ParentStepIdentifier":"089a873c-380b-4f65-bd3d-2d6e8bc4264a","ParentWorkflowIdentifier":"8664820a-c8f3-4776-860a-89b024c9bbe5","Name":"FetchInstanceByName","Value":"false"},{"ParentStepIdentifier":"089a873c-380b-4f65-bd3d-2d6e8bc4264a","ParentWorkflowIdentifier":"8664820a-c8f3-4776-860a-89b024c9bbe5","Name":"HasApprovalLink","Value":null},{"ParentStepIdentifier":"089a873c-380b-4f65-bd3d-2d6e8bc4264a","ParentWorkflowIdentifier":"8664820a-c8f3-4776-860a-89b024c9bbe5","Name":"IntegrationInstance","Value":"AutomaticEnvironment"},{"ParentStepIdentifier":"089a873c-380b-4f65-bd3d-2d6e8bc4264a","ParentWorkflowIdentifier":"8664820a-c8f3-4776-860a-89b024c9bbe5","Name":"MessageToAssignee","Value":null},{"ParentStepIdentifier":"089a873c-380b-4f65-bd3d-2d6e8bc4264a","ParentWorkflowIdentifier":"8664820a-c8f3-4776-860a-89b024c9bbe5","Name":"PendingActionTimeout","Value":null},{"ParentStepIdentifier":"089a873c-380b-4f65-bd3d-2d6e8bc4264a","ParentWorkflowIdentifier":"8664820a-c8f3-4776-860a-89b024c9bbe5","Name":"ScriptName","Value":"Tools_Buffer"},{"ParentStepIdentifier":"089a873c-380b-4f65-bd3d-2d6e8bc4264a","ParentWorkflowIdentifier":"8664820a-c8f3-4776-860a-89b024c9bbe5","Name":"ScriptParametersEntityFields","Value":"{\"ResultValue\":\"Success\",\"JSON\":\"{\\\"certs\\\": [[PDNS Domain Query.JsonResult| \\\"ips.summary.certs\\\"]] }\"}"},{"ParentStepIdentifier":"089a873c-380b-4f65-bd3d-2d6e8bc4264a","ParentWorkflowIdentifier":"8664820a-c8f3-4776-860a-89b024c9bbe5","Name":"SelectedScopeName","Value":"All entities"}],"AutoSkipOnFailure":false,"IsDebugMockData":false,"StepDebugData":null,"ParentStepContainerId":null,"IsTouchedByAi":false,"ParallelActions":[]},{"Identifier":"a9c77b49-0ce6-4a50-ab7a-0289c58e790c","OriginalStepIdentifier":"a9c77b49-0ce6-4a50-ab7a-0289c58e790c","ParentWorkflowIdentifier":"8664820a-c8f3-4776-860a-89b024c9bbe5","ParentStepIdentifiers":[],"ParentStepIdentifier":"","PreviousResultCondition":null,"InstanceName":"PDNS Domain Query","IsAutomatic":true,"Name":"Team Cymru Scout_Advanced Query","IsSkippable":false,"Description":"Returns the summary information available for the given query following the Scout query language.","ActionProvider":"Scripts","ActionName":"Team Cymru Scout_Advanced Query","Type":0,"Integration":"Team Cymru Scout","Parameters":[{"ParentStepIdentifier":"a9c77b49-0ce6-4a50-ab7a-0289c58e790c","ParentWorkflowIdentifier":"8664820a-c8f3-4776-860a-89b024c9bbe5","Name":"AssignedUsers","Value":null},{"ParentStepIdentifier":"a9c77b49-0ce6-4a50-ab7a-0289c58e790c","ParentWorkflowIdentifier":"8664820a-c8f3-4776-860a-89b024c9bbe5","Name":"AsyncActionTimeout","Value":"86400"},{"ParentStepIdentifier":"a9c77b49-0ce6-4a50-ab7a-0289c58e790c","ParentWorkflowIdentifier":"8664820a-c8f3-4776-860a-89b024c9bbe5","Name":"AsyncPollingInterval","Value":"3600"},{"ParentStepIdentifier":"a9c77b49-0ce6-4a50-ab7a-0289c58e790c","ParentWorkflowIdentifier":"8664820a-c8f3-4776-860a-89b024c9bbe5","Name":"DynamicInjectionInstancePlaceholder","Value":""},{"ParentStepIdentifier":"a9c77b49-0ce6-4a50-ab7a-0289c58e790c","ParentWorkflowIdentifier":"8664820a-c8f3-4776-860a-89b024c9bbe5","Name":"FallbackIntegrationInstance","Value":null},{"ParentStepIdentifier":"a9c77b49-0ce6-4a50-ab7a-0289c58e790c","ParentWorkflowIdentifier":"8664820a-c8f3-4776-860a-89b024c9bbe5","Name":"FetchInstanceByName","Value":"false"},{"ParentStepIdentifier":"a9c77b49-0ce6-4a50-ab7a-0289c58e790c","ParentWorkflowIdentifier":"8664820a-c8f3-4776-860a-89b024c9bbe5","Name":"HasApprovalLink","Value":null},{"ParentStepIdentifier":"a9c77b49-0ce6-4a50-ab7a-0289c58e790c","ParentWorkflowIdentifier":"8664820a-c8f3-4776-860a-89b024c9bbe5","Name":"IntegrationInstance","Value":"AutomaticEnvironment"},{"ParentStepIdentifier":"a9c77b49-0ce6-4a50-ab7a-0289c58e790c","ParentWorkflowIdentifier":"8664820a-c8f3-4776-860a-89b024c9bbe5","Name":"MessageToAssignee","Value":null},{"ParentStepIdentifier":"a9c77b49-0ce6-4a50-ab7a-0289c58e790c","ParentWorkflowIdentifier":"8664820a-c8f3-4776-860a-89b024c9bbe5","Name":"PendingActionTimeout","Value":null},{"ParentStepIdentifier":"a9c77b49-0ce6-4a50-ab7a-0289c58e790c","ParentWorkflowIdentifier":"8664820a-c8f3-4776-860a-89b024c9bbe5","Name":"ScriptName","Value":"Team Cymru Scout_Advanced Query"},{"ParentStepIdentifier":"a9c77b49-0ce6-4a50-ab7a-0289c58e790c","ParentWorkflowIdentifier":"8664820a-c8f3-4776-860a-89b024c9bbe5","Name":"ScriptParametersEntityFields","Value":"{\"Query\":\"pdns.domain=google.com\",\"Start Date\":\"\",\"End Date\":\"\",\"Days\":\"\",\"Size\":\"\"}"},{"ParentStepIdentifier":"a9c77b49-0ce6-4a50-ab7a-0289c58e790c","ParentWorkflowIdentifier":"8664820a-c8f3-4776-860a-89b024c9bbe5","Name":"SelectedScopeName","Value":"All entities"}],"AutoSkipOnFailure":false,"IsDebugMockData":false,"StepDebugData":null,"ParentStepContainerId":null,"IsTouchedByAi":false,"ParallelActions":[]}],"Triggers":[{"Identifier":"156dbbcb-3e97-4e1d-87cc-70a5cfe68fc3","IsEnabled":true,"DefinitionIdentifier":"8664820a-c8f3-4776-860a-89b024c9bbe5","Type":8,"WorkflowName":null,"LogicalOperator":0,"Conditions":[{"FieldName":"","MatchType":0,"Value":""}],"Environments":["*"]}],"OverviewTemplates":[],"Permissions":[],"Environments":["*"]}}