{"CategoryName":"Team Cymru Use Cases","OverviewTemplatesDetails":[{"OverviewTemplate":{"Identifier":"5ee00ef3-56a7-4c83-b7f0-c690990dc92b","Name":"Peers Info","Creator":null,"PlaybookDefinitionIdentifier":"7d65f60d-b2e4-42f9-b898-8fa0f3dd889f","Type":0,"AlertRuleType":null,"Roles":[],"Widgets":[{"Title":"Peers Info - Team Cymru Scout","Description":"Details about the peers associated with each IP entity present in the alert","Identifier":"be79c2e9-fe53-4ec6-abc4-d8aa5ff36be2","Order":2,"TemplateIdentifier":"5ee00ef3-56a7-4c83-b7f0-c690990dc92b","Type":3,"DataDefinitionJson":"{\n  \"htmlContent\": \"<!DOCTYPE html>\\r\\n<html>\\r\\n\\r\\n<link href=\\\"https://fonts.googleapis.com/css?family=Open+Sans:400,400i,700,700i\\\" rel=\\\"stylesheet\\\">\\r\\n<link href='https://fonts.googleapis.com/css?family=Roboto' rel='stylesheet'>\\r\\n<link href='https://www.siemplify.co/wp-content/themes/siemplify/assets/fonts/stylesheet.css?version=99601167404751' rel='stylesheet'>\\r\\n<style>\\r\\n.cardContainer{\\r\\n\\tfloat:left;    \\r\\n    width: 100%;\\r\\n    max-width: 100%;\\r\\n    min-height: 240px;\\r\\n\\talign-items: center;\\r\\n\\tbackground: #FFFFFF;\\r\\n\\t/*padding: 20px;\\r\\n\\tborder: 1px solid #D3D8EA;\\r\\n\\tbox-shadow: -10px 10px 14px rgba(211, 216, 234, 0.4);\\r\\n\\tborder-radius: 4px;\\t*/\\r\\n}\\r\\n.tableData{\\r\\n\\tflex-direction: row;\\r\\n\\tjustify-content: center;\\r\\n\\talign-items: center;\\r\\n\\tbackground: #FFFFFF;\\r\\n\\twidth:100%\\r\\n}\\r\\n.tableData th{\\r\\n\\tbackground: #FCFA9E;\\r\\n\\tfont-family: Open Sans;\\r\\n\\tfont-style: normal;\\r\\n\\tfont-weight: bold;\\r\\n\\tfont-size: 12px;\\r\\n\\tline-height: 108.95%;\\r\\n\\talign-items: center;\\r\\n\\tcolor: #767112;\\r\\n\\theight: 40px;\\r\\n\\tmin-width: 60px;\\r\\n\\tborder-bottom: 1px solid #B1AC2F;\\r\\n\\ttext-align:left;\\r\\n\\tpadding: 0 10px;\\r\\n}\\r\\n.tableData td{\\r\\n\\tfont-family: Open Sans;\\r\\n\\tfont-style: normal;\\r\\n\\tfont-size: 12px;\\r\\n\\tline-height: 135%;\\r\\n\\talign-items: center;\\r\\n\\tcolor: #4E4F63;\\r\\n\\tmargin: 0px 10px;\\r\\n\\theight: 40px;\\r\\n\\tmin-width: 60px;\\r\\n\\tborder-bottom: 1px solid #D3D8EA;\\r\\n\\tpadding: 0 10px;\\r\\n\\ttext-transform: capitalize;\\r\\n}\\r\\n</style>\\r\\n<head>\\r\\n</head>\\r\\n<body>\\r\\n\\r\\n<div class=\\\"cardContainer\\\">\\r\\n\\t<table class=\\\"tableData\\\" cellspacing=\\\"0\\\" cellpadding=\\\"0\\\">\\r\\n\\t\\t<tr>\\r\\n\\t\\t\\t<th>Source IP</th>\\r\\n\\t\\t\\t<th>Peer IP</th>\\r\\n\\t\\t\\t<th>Protocol</th>\\r\\n\\t\\t\\t<th>Event Count</th>\\r\\n\\t\\t\\t<th>Peer Tags</th>\\r\\n\\t\\t\\t<th>Source Port(s)</th>\\r\\n\\r\\n\\t\\t</tr>\\r\\n\\t</table>\\r\\n</div>\\r\\n\\r\\n<script src=\\\"https://code.jquery.com/jquery-3.5.1.min.js\\\"></script>\\r\\n<script>\\r\\n\\r\\nfunction createTagList(tags) {\\r\\n  if (!tags || tags.length === 0)\\r\\n    return [];\\r\\n\\r\\n  let allTags = [];\\r\\n  for (const tagObj of tags) {\\r\\n    const tag = [\\\" \\\" + (tagObj.name || \\\"\\\")];\\r\\n    const childTags = tagObj.children;\\r\\n    if (childTags) {\\r\\n      tag.push(...createTagList(childTags));\\r\\n    }\\r\\n    allTags = allTags.concat(tag);\\r\\n  }\\r\\n\\r\\n  return allTags;\\r\\n}\\r\\n\\r\\n$(document).ready(function(){\\r\\n    var rows = []\\r\\n    try {\\r\\n        var commsJson = [Get Peers Details.JsonResult];\\r\\n    \\r\\n        Object.keys(commsJson).forEach(key => {\\r\\n            var ip_peers = commsJson[key][\\\"communications\\\"][\\\"peers\\\"]\\r\\n            if (!ip_peers) {\\r\\n                console.log(\\\"No peers found for IP: \\\" + key);\\r\\n            } else {\\r\\n                ip_rows = ip_peers.map(ip_data => {\\r\\n                    return {\\r\\n                        \\\"source_ip\\\": key,\\r\\n                        \\\"peer_ip\\\": ip_data[\\\"peer\\\"][\\\"ip\\\"],\\r\\n                        \\\"protocol\\\": ip_data[\\\"proto_text\\\"],\\r\\n                        \\\"event_count\\\": ip_data[\\\"event_count\\\"],\\r\\n                        \\\"peer_tags\\\": createTagList(ip_data[\\\"peer\\\"][\\\"tags\\\"]) || \\\"\\\",\\r\\n                        \\\"source_ports\\\": ip_data[\\\"local\\\"][\\\"top_services\\\"].map(local => local.port || 0)\\r\\n                }})\\r\\n    \\r\\n                rows = rows.concat(ip_rows)\\r\\n            }\\r\\n        });\\r\\n        var tableData = { \\\"items\\\": rows }\\r\\n    } catch (error) {\\r\\n        var tableData = { \\\"items\\\": [] }\\r\\n        console.log(`Error occurred while rendering 'Peers Info - Tabluar' widget: ${error}`);\\r\\n    }\\r\\n\\r\\n\\tvar strData = JSON.stringify(tableData);\\r\\n\\tvar result = JSON.parse(strData);\\r\\n\\tvar dataList = '';\\r\\n\\t$.each(result.items, function(k, v) {\\r\\n\\t\\tdataList+='<tr>';\\r\\n\\t\\t$.each(v, function(l, d) {\\r\\n\\t\\t\\tdataList+='<td>'+d+'</td>';\\r\\n\\t\\t});\\r\\n\\t\\tdataList+='</tr>';\\r\\n\\t});\\r\\n\\r\\n\\t$(\\\"table.tableData\\\").append( dataList );\\r\\n});\\r\\n</script>\\r\\n</body>\\r\\n</html>\",\n  \"htmlHeight\": 425,\n  \"safeRendering\": false,\n  \"type\": 3,\n  \"widgetDefinitionScope\": 2\n}","GridColumns":2,"ActionWidgetTemplateIdentifier":null,"StepIdentifier":null,"StepIntegration":null,"BlockStepIdentifier":null,"BlockStepInstanceName":null,"PresentIfEmpty":false,"ConditionsGroup":{"Conditions":[],"LogicalOperator":0},"IntegrationName":""}]},"Roles":["Administrator"]}],"WidgetTemplates":[{"Title":"Peers Info - Team Cymru Scout","Description":"Details about the peers associated with each IP entity present in the alert","Identifier":"be79c2e9-fe53-4ec6-abc4-d8aa5ff36be2","Order":2,"TemplateIdentifier":"5ee00ef3-56a7-4c83-b7f0-c690990dc92b","Type":3,"DataDefinitionJson":"{\n  \"htmlContent\": \"<!DOCTYPE html>\\r\\n<html>\\r\\n\\r\\n<link href=\\\"https://fonts.googleapis.com/css?family=Open+Sans:400,400i,700,700i\\\" rel=\\\"stylesheet\\\">\\r\\n<link href='https://fonts.googleapis.com/css?family=Roboto' rel='stylesheet'>\\r\\n<link href='https://www.siemplify.co/wp-content/themes/siemplify/assets/fonts/stylesheet.css?version=99601167404751' rel='stylesheet'>\\r\\n<style>\\r\\n.cardContainer{\\r\\n\\tfloat:left;    \\r\\n    width: 100%;\\r\\n    max-width: 100%;\\r\\n    min-height: 240px;\\r\\n\\talign-items: center;\\r\\n\\tbackground: #FFFFFF;\\r\\n\\t/*padding: 20px;\\r\\n\\tborder: 1px solid #D3D8EA;\\r\\n\\tbox-shadow: -10px 10px 14px rgba(211, 216, 234, 0.4);\\r\\n\\tborder-radius: 4px;\\t*/\\r\\n}\\r\\n.tableData{\\r\\n\\tflex-direction: row;\\r\\n\\tjustify-content: center;\\r\\n\\talign-items: center;\\r\\n\\tbackground: #FFFFFF;\\r\\n\\twidth:100%\\r\\n}\\r\\n.tableData th{\\r\\n\\tbackground: #FCFA9E;\\r\\n\\tfont-family: Open Sans;\\r\\n\\tfont-style: normal;\\r\\n\\tfont-weight: bold;\\r\\n\\tfont-size: 12px;\\r\\n\\tline-height: 108.95%;\\r\\n\\talign-items: center;\\r\\n\\tcolor: #767112;\\r\\n\\theight: 40px;\\r\\n\\tmin-width: 60px;\\r\\n\\tborder-bottom: 1px solid #B1AC2F;\\r\\n\\ttext-align:left;\\r\\n\\tpadding: 0 10px;\\r\\n}\\r\\n.tableData td{\\r\\n\\tfont-family: Open Sans;\\r\\n\\tfont-style: normal;\\r\\n\\tfont-size: 12px;\\r\\n\\tline-height: 135%;\\r\\n\\talign-items: center;\\r\\n\\tcolor: #4E4F63;\\r\\n\\tmargin: 0px 10px;\\r\\n\\theight: 40px;\\r\\n\\tmin-width: 60px;\\r\\n\\tborder-bottom: 1px solid #D3D8EA;\\r\\n\\tpadding: 0 10px;\\r\\n\\ttext-transform: capitalize;\\r\\n}\\r\\n</style>\\r\\n<head>\\r\\n</head>\\r\\n<body>\\r\\n\\r\\n<div class=\\\"cardContainer\\\">\\r\\n\\t<table class=\\\"tableData\\\" cellspacing=\\\"0\\\" cellpadding=\\\"0\\\">\\r\\n\\t\\t<tr>\\r\\n\\t\\t\\t<th>Source IP</th>\\r\\n\\t\\t\\t<th>Peer IP</th>\\r\\n\\t\\t\\t<th>Protocol</th>\\r\\n\\t\\t\\t<th>Event Count</th>\\r\\n\\t\\t\\t<th>Peer Tags</th>\\r\\n\\t\\t\\t<th>Source Port(s)</th>\\r\\n\\r\\n\\t\\t</tr>\\r\\n\\t</table>\\r\\n</div>\\r\\n\\r\\n<script src=\\\"https://code.jquery.com/jquery-3.5.1.min.js\\\"></script>\\r\\n<script>\\r\\n\\r\\nfunction createTagList(tags) {\\r\\n  if (!tags || tags.length === 0)\\r\\n    return [];\\r\\n\\r\\n  let allTags = [];\\r\\n  for (const tagObj of tags) {\\r\\n    const tag = [\\\" \\\" + (tagObj.name || \\\"\\\")];\\r\\n    const childTags = tagObj.children;\\r\\n    if (childTags) {\\r\\n      tag.push(...createTagList(childTags));\\r\\n    }\\r\\n    allTags = allTags.concat(tag);\\r\\n  }\\r\\n\\r\\n  return allTags;\\r\\n}\\r\\n\\r\\n$(document).ready(function(){\\r\\n    var rows = []\\r\\n    try {\\r\\n        var commsJson = [Get Peers Details.JsonResult];\\r\\n    \\r\\n        Object.keys(commsJson).forEach(key => {\\r\\n            var ip_peers = commsJson[key][\\\"communications\\\"][\\\"peers\\\"]\\r\\n            if (!ip_peers) {\\r\\n                console.log(\\\"No peers found for IP: \\\" + key);\\r\\n            } else {\\r\\n                ip_rows = ip_peers.map(ip_data => {\\r\\n                    return {\\r\\n                        \\\"source_ip\\\": key,\\r\\n                        \\\"peer_ip\\\": ip_data[\\\"peer\\\"][\\\"ip\\\"],\\r\\n                        \\\"protocol\\\": ip_data[\\\"proto_text\\\"],\\r\\n                        \\\"event_count\\\": ip_data[\\\"event_count\\\"],\\r\\n                        \\\"peer_tags\\\": createTagList(ip_data[\\\"peer\\\"][\\\"tags\\\"]) || \\\"\\\",\\r\\n                        \\\"source_ports\\\": ip_data[\\\"local\\\"][\\\"top_services\\\"].map(local => local.port || 0)\\r\\n                }})\\r\\n    \\r\\n                rows = rows.concat(ip_rows)\\r\\n            }\\r\\n        });\\r\\n        var tableData = { \\\"items\\\": rows }\\r\\n    } catch (error) {\\r\\n        var tableData = { \\\"items\\\": [] }\\r\\n        console.log(`Error occurred while rendering 'Peers Info - Tabluar' widget: ${error}`);\\r\\n    }\\r\\n\\r\\n\\tvar strData = JSON.stringify(tableData);\\r\\n\\tvar result = JSON.parse(strData);\\r\\n\\tvar dataList = '';\\r\\n\\t$.each(result.items, function(k, v) {\\r\\n\\t\\tdataList+='<tr>';\\r\\n\\t\\t$.each(v, function(l, d) {\\r\\n\\t\\t\\tdataList+='<td>'+d+'</td>';\\r\\n\\t\\t});\\r\\n\\t\\tdataList+='</tr>';\\r\\n\\t});\\r\\n\\r\\n\\t$(\\\"table.tableData\\\").append( dataList );\\r\\n});\\r\\n</script>\\r\\n</body>\\r\\n</html>\",\n  \"htmlHeight\": 425,\n  \"safeRendering\": false,\n  \"type\": 3,\n  \"widgetDefinitionScope\": 2\n}","GridColumns":2,"ActionWidgetTemplateIdentifier":null,"StepIdentifier":null,"StepIntegration":null,"BlockStepIdentifier":null,"BlockStepInstanceName":null,"PresentIfEmpty":false,"ConditionsGroup":{"Conditions":[],"LogicalOperator":0},"IntegrationName":""}],"Definition":{"Identifier":"7d65f60d-b2e4-42f9-b898-8fa0f3dd889f","IsEnable":false,"Version":0.0,"IsArchived":false,"IsAutomatic":false,"Name":"Enrich Peers Info","Category":2,"Description":"This playbook fetched the peers information for each  IP-address entity present in the alert with Team Cymru Scout data and generates widgets on Alert overview page. ","Priority":2,"Creator":"11f7964a-fbca-4a65-a00f-b0f3f2f2ed9e","VersionCreator":null,"VersionComment":null,"OriginalWorkflowIdentifier":"cecded94-3135-4ec0-95b0-b1512251ea1a","TemplateName":null,"PlaybookType":0,"IsDebugMode":false,"DebugBaseAlertIdentifier":"SUSPICIOUS PHISHING EMAIL_83E5BCF9-760F-45B4-B091-D72B5D683CCF","DebugAlertIdentifier":"SUSPICIOUS PHISHING EMAILEFF4E441-4BDA-4A0A-9237-1728B7102F3C","SimulationClone":false,"DefaultAccessLevel":2,"Steps":[{"Identifier":"39b7bc9a-bf0d-4419-b68d-893c0ba24505","OriginalStepIdentifier":"96b50f5d-fa18-46d7-9942-5d5f4c9ef8b8","ParentWorkflowIdentifier":"7d65f60d-b2e4-42f9-b898-8fa0f3dd889f","ParentStepIdentifiers":[],"ParentStepIdentifier":"","PreviousResultCondition":"{}","InstanceName":"Get Peers Details","IsAutomatic":true,"Name":"TeamCymruScout_Get Communications Info","IsSkippable":false,"Description":"Allows to retrieve detailed Communications information for the given IP Addresses.","ActionProvider":"Scripts","ActionName":"TeamCymruScout_Get Communications Info","Type":0,"Integration":"TeamCymruScout","Parameters":[{"ParentStepIdentifier":"39b7bc9a-bf0d-4419-b68d-893c0ba24505","ParentWorkflowIdentifier":"7d65f60d-b2e4-42f9-b898-8fa0f3dd889f","Name":"AssignedUsers","Value":null},{"ParentStepIdentifier":"39b7bc9a-bf0d-4419-b68d-893c0ba24505","ParentWorkflowIdentifier":"7d65f60d-b2e4-42f9-b898-8fa0f3dd889f","Name":"DynamicInjectionInstancePlaceholder","Value":""},{"ParentStepIdentifier":"39b7bc9a-bf0d-4419-b68d-893c0ba24505","ParentWorkflowIdentifier":"7d65f60d-b2e4-42f9-b898-8fa0f3dd889f","Name":"FallbackIntegrationInstance","Value":null},{"ParentStepIdentifier":"39b7bc9a-bf0d-4419-b68d-893c0ba24505","ParentWorkflowIdentifier":"7d65f60d-b2e4-42f9-b898-8fa0f3dd889f","Name":"FetchInstanceByName","Value":"false"},{"ParentStepIdentifier":"39b7bc9a-bf0d-4419-b68d-893c0ba24505","ParentWorkflowIdentifier":"7d65f60d-b2e4-42f9-b898-8fa0f3dd889f","Name":"HasApprovalLink","Value":null},{"ParentStepIdentifier":"39b7bc9a-bf0d-4419-b68d-893c0ba24505","ParentWorkflowIdentifier":"7d65f60d-b2e4-42f9-b898-8fa0f3dd889f","Name":"IntegrationInstance","Value":"AutomaticEnvironment"},{"ParentStepIdentifier":"39b7bc9a-bf0d-4419-b68d-893c0ba24505","ParentWorkflowIdentifier":"7d65f60d-b2e4-42f9-b898-8fa0f3dd889f","Name":"MessageToAssignee","Value":null},{"ParentStepIdentifier":"39b7bc9a-bf0d-4419-b68d-893c0ba24505","ParentWorkflowIdentifier":"7d65f60d-b2e4-42f9-b898-8fa0f3dd889f","Name":"PendingActionTimeout","Value":null},{"ParentStepIdentifier":"39b7bc9a-bf0d-4419-b68d-893c0ba24505","ParentWorkflowIdentifier":"7d65f60d-b2e4-42f9-b898-8fa0f3dd889f","Name":"ScriptName","Value":"TeamCymruScout_Get Communications Info"},{"ParentStepIdentifier":"39b7bc9a-bf0d-4419-b68d-893c0ba24505","ParentWorkflowIdentifier":"7d65f60d-b2e4-42f9-b898-8fa0f3dd889f","Name":"ScriptParametersEntityFields","Value":"{\"IP Addresses\":\"[Entity.Identifier]\\n\",\"Limit\":\"10\",\"Start Date\":\"\",\"End Date\":\"\",\"Days\":\"\",\"Size\":\"\"}"},{"ParentStepIdentifier":"39b7bc9a-bf0d-4419-b68d-893c0ba24505","ParentWorkflowIdentifier":"7d65f60d-b2e4-42f9-b898-8fa0f3dd889f","Name":"SelectedScopeName","Value":"All IP addresses"}],"AutoSkipOnFailure":false,"IsDebugMockData":false,"StepDebugData":null,"ParentStepContainerId":null,"IsTouchedByAi":false,"ParallelActions":[]}],"Triggers":[{"Identifier":"ba8299cb-6dd6-49b4-bafe-0d2ba3355146","IsEnabled":false,"DefinitionIdentifier":"7d65f60d-b2e4-42f9-b898-8fa0f3dd889f","Type":8,"WorkflowName":null,"LogicalOperator":0,"Conditions":[{"FieldName":"","MatchType":0,"Value":""}],"Environments":["*"]}],"OverviewTemplates":[{"Identifier":"5ee00ef3-56a7-4c83-b7f0-c690990dc92b","Name":"Peers Info","Creator":null,"PlaybookDefinitionIdentifier":"7d65f60d-b2e4-42f9-b898-8fa0f3dd889f","Type":0,"AlertRuleType":null,"Roles":[],"Widgets":[{"Title":"Peers Info - Team Cymru Scout","Description":"Details about the peers associated with each IP entity present in the alert","Identifier":"be79c2e9-fe53-4ec6-abc4-d8aa5ff36be2","Order":2,"TemplateIdentifier":"5ee00ef3-56a7-4c83-b7f0-c690990dc92b","Type":3,"DataDefinitionJson":"{\n  \"htmlContent\": \"<!DOCTYPE html>\\r\\n<html>\\r\\n\\r\\n<link href=\\\"https://fonts.googleapis.com/css?family=Open+Sans:400,400i,700,700i\\\" rel=\\\"stylesheet\\\">\\r\\n<link href='https://fonts.googleapis.com/css?family=Roboto' rel='stylesheet'>\\r\\n<link href='https://www.siemplify.co/wp-content/themes/siemplify/assets/fonts/stylesheet.css?version=99601167404751' rel='stylesheet'>\\r\\n<style>\\r\\n.cardContainer{\\r\\n\\tfloat:left;    \\r\\n    width: 100%;\\r\\n    max-width: 100%;\\r\\n    min-height: 240px;\\r\\n\\talign-items: center;\\r\\n\\tbackground: #FFFFFF;\\r\\n\\t/*padding: 20px;\\r\\n\\tborder: 1px solid #D3D8EA;\\r\\n\\tbox-shadow: -10px 10px 14px rgba(211, 216, 234, 0.4);\\r\\n\\tborder-radius: 4px;\\t*/\\r\\n}\\r\\n.tableData{\\r\\n\\tflex-direction: row;\\r\\n\\tjustify-content: center;\\r\\n\\talign-items: center;\\r\\n\\tbackground: #FFFFFF;\\r\\n\\twidth:100%\\r\\n}\\r\\n.tableData th{\\r\\n\\tbackground: #FCFA9E;\\r\\n\\tfont-family: Open Sans;\\r\\n\\tfont-style: normal;\\r\\n\\tfont-weight: bold;\\r\\n\\tfont-size: 12px;\\r\\n\\tline-height: 108.95%;\\r\\n\\talign-items: center;\\r\\n\\tcolor: #767112;\\r\\n\\theight: 40px;\\r\\n\\tmin-width: 60px;\\r\\n\\tborder-bottom: 1px solid #B1AC2F;\\r\\n\\ttext-align:left;\\r\\n\\tpadding: 0 10px;\\r\\n}\\r\\n.tableData td{\\r\\n\\tfont-family: Open Sans;\\r\\n\\tfont-style: normal;\\r\\n\\tfont-size: 12px;\\r\\n\\tline-height: 135%;\\r\\n\\talign-items: center;\\r\\n\\tcolor: #4E4F63;\\r\\n\\tmargin: 0px 10px;\\r\\n\\theight: 40px;\\r\\n\\tmin-width: 60px;\\r\\n\\tborder-bottom: 1px solid #D3D8EA;\\r\\n\\tpadding: 0 10px;\\r\\n\\ttext-transform: capitalize;\\r\\n}\\r\\n</style>\\r\\n<head>\\r\\n</head>\\r\\n<body>\\r\\n\\r\\n<div class=\\\"cardContainer\\\">\\r\\n\\t<table class=\\\"tableData\\\" cellspacing=\\\"0\\\" cellpadding=\\\"0\\\">\\r\\n\\t\\t<tr>\\r\\n\\t\\t\\t<th>Source IP</th>\\r\\n\\t\\t\\t<th>Peer IP</th>\\r\\n\\t\\t\\t<th>Protocol</th>\\r\\n\\t\\t\\t<th>Event Count</th>\\r\\n\\t\\t\\t<th>Peer Tags</th>\\r\\n\\t\\t\\t<th>Source Port(s)</th>\\r\\n\\r\\n\\t\\t</tr>\\r\\n\\t</table>\\r\\n</div>\\r\\n\\r\\n<script src=\\\"https://code.jquery.com/jquery-3.5.1.min.js\\\"></script>\\r\\n<script>\\r\\n\\r\\nfunction createTagList(tags) {\\r\\n  if (!tags || tags.length === 0)\\r\\n    return [];\\r\\n\\r\\n  let allTags = [];\\r\\n  for (const tagObj of tags) {\\r\\n    const tag = [\\\" \\\" + (tagObj.name || \\\"\\\")];\\r\\n    const childTags = tagObj.children;\\r\\n    if (childTags) {\\r\\n      tag.push(...createTagList(childTags));\\r\\n    }\\r\\n    allTags = allTags.concat(tag);\\r\\n  }\\r\\n\\r\\n  return allTags;\\r\\n}\\r\\n\\r\\n$(document).ready(function(){\\r\\n    var rows = []\\r\\n    try {\\r\\n        var commsJson = [Get Peers Details.JsonResult];\\r\\n    \\r\\n        Object.keys(commsJson).forEach(key => {\\r\\n            var ip_peers = commsJson[key][\\\"communications\\\"][\\\"peers\\\"]\\r\\n            if (!ip_peers) {\\r\\n                console.log(\\\"No peers found for IP: \\\" + key);\\r\\n            } else {\\r\\n                ip_rows = ip_peers.map(ip_data => {\\r\\n                    return {\\r\\n                        \\\"source_ip\\\": key,\\r\\n                        \\\"peer_ip\\\": ip_data[\\\"peer\\\"][\\\"ip\\\"],\\r\\n                        \\\"protocol\\\": ip_data[\\\"proto_text\\\"],\\r\\n                        \\\"event_count\\\": ip_data[\\\"event_count\\\"],\\r\\n                        \\\"peer_tags\\\": createTagList(ip_data[\\\"peer\\\"][\\\"tags\\\"]) || \\\"\\\",\\r\\n                        \\\"source_ports\\\": ip_data[\\\"local\\\"][\\\"top_services\\\"].map(local => local.port || 0)\\r\\n                }})\\r\\n    \\r\\n                rows = rows.concat(ip_rows)\\r\\n            }\\r\\n        });\\r\\n        var tableData = { \\\"items\\\": rows }\\r\\n    } catch (error) {\\r\\n        var tableData = { \\\"items\\\": [] }\\r\\n        console.log(`Error occurred while rendering 'Peers Info - Tabluar' widget: ${error}`);\\r\\n    }\\r\\n\\r\\n\\tvar strData = JSON.stringify(tableData);\\r\\n\\tvar result = JSON.parse(strData);\\r\\n\\tvar dataList = '';\\r\\n\\t$.each(result.items, function(k, v) {\\r\\n\\t\\tdataList+='<tr>';\\r\\n\\t\\t$.each(v, function(l, d) {\\r\\n\\t\\t\\tdataList+='<td>'+d+'</td>';\\r\\n\\t\\t});\\r\\n\\t\\tdataList+='</tr>';\\r\\n\\t});\\r\\n\\r\\n\\t$(\\\"table.tableData\\\").append( dataList );\\r\\n});\\r\\n</script>\\r\\n</body>\\r\\n</html>\",\n  \"htmlHeight\": 425,\n  \"safeRendering\": false,\n  \"type\": 3,\n  \"widgetDefinitionScope\": 2\n}","GridColumns":2,"ActionWidgetTemplateIdentifier":null,"StepIdentifier":null,"StepIntegration":null,"BlockStepIdentifier":null,"BlockStepInstanceName":null,"PresentIfEmpty":false,"ConditionsGroup":{"Conditions":[],"LogicalOperator":0},"IntegrationName":""}]}],"Permissions":[],"Environments":["*"]}}