{"CategoryName":"Team Cymru Use Cases","OverviewTemplatesDetails":[],"WidgetTemplates":[],"Definition":{"Identifier":"70fe0e91-58c2-45e2-a1d3-75a535fe110f","IsEnable":false,"Version":0.0,"IsArchived":false,"IsAutomatic":false,"Name":"Block Suspicious IP","Category":2,"Description":"Block an IP address from the network if found suspicious from Team Cymru Scout","Priority":2,"Creator":"11f7964a-fbca-4a65-a00f-b0f3f2f2ed9e","VersionCreator":null,"VersionComment":null,"OriginalWorkflowIdentifier":"82dc519a-067e-425d-ad09-627708e1107e","TemplateName":null,"PlaybookType":0,"IsDebugMode":false,"DebugBaseAlertIdentifier":null,"DebugAlertIdentifier":null,"SimulationClone":false,"DefaultAccessLevel":2,"Steps":[{"Identifier":"29c501cd-f3dc-4f4a-a11e-44136293f5db","OriginalStepIdentifier":"9959cc31-532b-46f4-adb2-f7b7ec4da355","ParentWorkflowIdentifier":"70fe0e91-58c2-45e2-a1d3-75a535fe110f","ParentStepIdentifiers":["5b627622-71ad-408d-b75a-3f8245d89f6e"],"ParentStepIdentifier":"5b627622-71ad-408d-b75a-3f8245d89f6e","PreviousResultCondition":"{\"5b627622-71ad-408d-b75a-3f8245d89f6e\":\"2\"}","InstanceName":"Priority - Informative","IsAutomatic":true,"Name":"Siemplify_Change Priority","IsSkippable":false,"Description":"Automatically change case priority to the given input","ActionProvider":"Scripts","ActionName":"Siemplify_Change Priority","Type":0,"Integration":"Siemplify","Parameters":[{"ParentStepIdentifier":"29c501cd-f3dc-4f4a-a11e-44136293f5db","ParentWorkflowIdentifier":"70fe0e91-58c2-45e2-a1d3-75a535fe110f","Name":"AssignedUsers","Value":null},{"ParentStepIdentifier":"29c501cd-f3dc-4f4a-a11e-44136293f5db","ParentWorkflowIdentifier":"70fe0e91-58c2-45e2-a1d3-75a535fe110f","Name":"DynamicInjectionInstancePlaceholder","Value":""},{"ParentStepIdentifier":"29c501cd-f3dc-4f4a-a11e-44136293f5db","ParentWorkflowIdentifier":"70fe0e91-58c2-45e2-a1d3-75a535fe110f","Name":"FallbackIntegrationInstance","Value":"722686c4-4c46-41bc-8ad6-757b28c5f083"},{"ParentStepIdentifier":"29c501cd-f3dc-4f4a-a11e-44136293f5db","ParentWorkflowIdentifier":"70fe0e91-58c2-45e2-a1d3-75a535fe110f","Name":"FetchInstanceByName","Value":"false"},{"ParentStepIdentifier":"29c501cd-f3dc-4f4a-a11e-44136293f5db","ParentWorkflowIdentifier":"70fe0e91-58c2-45e2-a1d3-75a535fe110f","Name":"HasApprovalLink","Value":null},{"ParentStepIdentifier":"29c501cd-f3dc-4f4a-a11e-44136293f5db","ParentWorkflowIdentifier":"70fe0e91-58c2-45e2-a1d3-75a535fe110f","Name":"IntegrationInstance","Value":"AutomaticEnvironment"},{"ParentStepIdentifier":"29c501cd-f3dc-4f4a-a11e-44136293f5db","ParentWorkflowIdentifier":"70fe0e91-58c2-45e2-a1d3-75a535fe110f","Name":"MessageToAssignee","Value":null},{"ParentStepIdentifier":"29c501cd-f3dc-4f4a-a11e-44136293f5db","ParentWorkflowIdentifier":"70fe0e91-58c2-45e2-a1d3-75a535fe110f","Name":"PendingActionTimeout","Value":null},{"ParentStepIdentifier":"29c501cd-f3dc-4f4a-a11e-44136293f5db","ParentWorkflowIdentifier":"70fe0e91-58c2-45e2-a1d3-75a535fe110f","Name":"ScriptName","Value":"Siemplify_Change Priority"},{"ParentStepIdentifier":"29c501cd-f3dc-4f4a-a11e-44136293f5db","ParentWorkflowIdentifier":"70fe0e91-58c2-45e2-a1d3-75a535fe110f","Name":"ScriptParametersEntityFields","Value":"{\"Priority\":\"Informative\"}"},{"ParentStepIdentifier":"29c501cd-f3dc-4f4a-a11e-44136293f5db","ParentWorkflowIdentifier":"70fe0e91-58c2-45e2-a1d3-75a535fe110f","Name":"SelectedScopeName","Value":"All entities"}],"AutoSkipOnFailure":true,"IsDebugMockData":false,"StepDebugData":null,"ParentStepContainerId":null,"IsTouchedByAi":false,"ParallelActions":[]},{"Identifier":"5b627622-71ad-408d-b75a-3f8245d89f6e","OriginalStepIdentifier":"4236dd9e-b39e-4dc1-a482-81bb9107dd51","ParentWorkflowIdentifier":"70fe0e91-58c2-45e2-a1d3-75a535fe110f","ParentStepIdentifiers":["b60d6232-b42d-4eac-866a-74adf35de343"],"ParentStepIdentifier":"b60d6232-b42d-4eac-866a-74adf35de343","PreviousResultCondition":"{}","InstanceName":"Is IP Suspicious ?","IsAutomatic":true,"Name":"Condition","IsSkippable":false,"Description":"This condition determines the progress of the playbook. Conditions are built based on cases data (cases, alerts, vents, entities and environment properties) as-well as data that comes back from previous playbook steps.","ActionProvider":"Flow","ActionName":"IfFlowCondition","Type":4,"Integration":"Flow","Parameters":[{"ParentStepIdentifier":"5b627622-71ad-408d-b75a-3f8245d89f6e","ParentWorkflowIdentifier":"70fe0e91-58c2-45e2-a1d3-75a535fe110f","Name":"AssignedUsers","Value":null},{"ParentStepIdentifier":"5b627622-71ad-408d-b75a-3f8245d89f6e","ParentWorkflowIdentifier":"70fe0e91-58c2-45e2-a1d3-75a535fe110f","Name":"Branches","Value":"[{\"LogicalOperator\":0,\"Conditions\":[{\"Operator\":0,\"FieldName\":\"[Is IP Suspicious.ReturnValue]\",\"Type\":2,\"Value\":\"true\"}],\"Order\":1,\"IsDefaultBranch\":false,\"Name\":\"Branch\"},{\"LogicalOperator\":0,\"Conditions\":[],\"Order\":2,\"IsDefaultBranch\":true,\"Name\":\"Branch\"}]"},{"ParentStepIdentifier":"5b627622-71ad-408d-b75a-3f8245d89f6e","ParentWorkflowIdentifier":"70fe0e91-58c2-45e2-a1d3-75a535fe110f","Name":"DynamicInjectionInstancePlaceholder","Value":null},{"ParentStepIdentifier":"5b627622-71ad-408d-b75a-3f8245d89f6e","ParentWorkflowIdentifier":"70fe0e91-58c2-45e2-a1d3-75a535fe110f","Name":"ErrorFallbackBranch","Value":null},{"ParentStepIdentifier":"5b627622-71ad-408d-b75a-3f8245d89f6e","ParentWorkflowIdentifier":"70fe0e91-58c2-45e2-a1d3-75a535fe110f","Name":"FetchInstanceByName","Value":null},{"ParentStepIdentifier":"5b627622-71ad-408d-b75a-3f8245d89f6e","ParentWorkflowIdentifier":"70fe0e91-58c2-45e2-a1d3-75a535fe110f","Name":"HasApprovalLink","Value":null},{"ParentStepIdentifier":"5b627622-71ad-408d-b75a-3f8245d89f6e","ParentWorkflowIdentifier":"70fe0e91-58c2-45e2-a1d3-75a535fe110f","Name":"MessageToAssignee","Value":null},{"ParentStepIdentifier":"5b627622-71ad-408d-b75a-3f8245d89f6e","ParentWorkflowIdentifier":"70fe0e91-58c2-45e2-a1d3-75a535fe110f","Name":"PendingActionTimeout","Value":null},{"ParentStepIdentifier":"5b627622-71ad-408d-b75a-3f8245d89f6e","ParentWorkflowIdentifier":"70fe0e91-58c2-45e2-a1d3-75a535fe110f","Name":"SelectedScopeName","Value":"All entities"}],"AutoSkipOnFailure":false,"IsDebugMockData":false,"StepDebugData":null,"ParentStepContainerId":null,"IsTouchedByAi":false,"ParallelActions":[]},{"Identifier":"9fa78729-bdf9-4234-813c-99c2202ba23f","OriginalStepIdentifier":"19869a07-1793-4e69-85b0-0c4ea4a9a8f4","ParentWorkflowIdentifier":"70fe0e91-58c2-45e2-a1d3-75a535fe110f","ParentStepIdentifiers":["5b627622-71ad-408d-b75a-3f8245d89f6e"],"ParentStepIdentifier":"5b627622-71ad-408d-b75a-3f8245d89f6e","PreviousResultCondition":"{\"5b627622-71ad-408d-b75a-3f8245d89f6e\":\"1\"}","InstanceName":"Block IP","IsAutomatic":true,"Name":"Block IP","IsSkippable":false,"Description":"Block IP Address by raising a ticket in the ServiceNow platform","ActionProvider":"Flow","ActionName":"NestedAction","Type":5,"Integration":"Siemplify","Parameters":[{"ParentStepIdentifier":"9fa78729-bdf9-4234-813c-99c2202ba23f","ParentWorkflowIdentifier":"70fe0e91-58c2-45e2-a1d3-75a535fe110f","Name":"AssignedUsers","Value":null},{"ParentStepIdentifier":"9fa78729-bdf9-4234-813c-99c2202ba23f","ParentWorkflowIdentifier":"70fe0e91-58c2-45e2-a1d3-75a535fe110f","Name":"HasApprovalLink","Value":null},{"ParentStepIdentifier":"9fa78729-bdf9-4234-813c-99c2202ba23f","ParentWorkflowIdentifier":"70fe0e91-58c2-45e2-a1d3-75a535fe110f","Name":"MessageToAssignee","Value":null},{"ParentStepIdentifier":"9fa78729-bdf9-4234-813c-99c2202ba23f","ParentWorkflowIdentifier":"70fe0e91-58c2-45e2-a1d3-75a535fe110f","Name":"NestedWorkflowIdentifier","Value":"fbdf792d-8849-4d67-95c7-60f68226c907"},{"ParentStepIdentifier":"9fa78729-bdf9-4234-813c-99c2202ba23f","ParentWorkflowIdentifier":"70fe0e91-58c2-45e2-a1d3-75a535fe110f","Name":"NestedWorkflowInputs","Value":"[{\"FieldName\":\"IP Address\",\"Value\":null}]"},{"ParentStepIdentifier":"9fa78729-bdf9-4234-813c-99c2202ba23f","ParentWorkflowIdentifier":"70fe0e91-58c2-45e2-a1d3-75a535fe110f","Name":"PendingActionTimeout","Value":null}],"AutoSkipOnFailure":false,"IsDebugMockData":false,"StepDebugData":null,"ParentStepContainerId":null,"IsTouchedByAi":false,"ParallelActions":[]},{"Identifier":"b60d6232-b42d-4eac-866a-74adf35de343","OriginalStepIdentifier":"1eee2488-42e9-4b40-abcf-a9d5d88b5906","ParentWorkflowIdentifier":"70fe0e91-58c2-45e2-a1d3-75a535fe110f","ParentStepIdentifiers":[],"ParentStepIdentifier":"","PreviousResultCondition":"{}","InstanceName":"Is IP Suspicious","IsAutomatic":true,"Name":"Is IP Suspicious","IsSkippable":false,"Description":"Using Team Cymru Scout insights, determine if the input IP(s) is/are suspicious.","ActionProvider":"Flow","ActionName":"NestedAction","Type":5,"Integration":"Siemplify","Parameters":[{"ParentStepIdentifier":"b60d6232-b42d-4eac-866a-74adf35de343","ParentWorkflowIdentifier":"70fe0e91-58c2-45e2-a1d3-75a535fe110f","Name":"AssignedUsers","Value":null},{"ParentStepIdentifier":"b60d6232-b42d-4eac-866a-74adf35de343","ParentWorkflowIdentifier":"70fe0e91-58c2-45e2-a1d3-75a535fe110f","Name":"DynamicInjectionInstancePlaceholder","Value":null},{"ParentStepIdentifier":"b60d6232-b42d-4eac-866a-74adf35de343","ParentWorkflowIdentifier":"70fe0e91-58c2-45e2-a1d3-75a535fe110f","Name":"FetchInstanceByName","Value":null},{"ParentStepIdentifier":"b60d6232-b42d-4eac-866a-74adf35de343","ParentWorkflowIdentifier":"70fe0e91-58c2-45e2-a1d3-75a535fe110f","Name":"HasApprovalLink","Value":null},{"ParentStepIdentifier":"b60d6232-b42d-4eac-866a-74adf35de343","ParentWorkflowIdentifier":"70fe0e91-58c2-45e2-a1d3-75a535fe110f","Name":"MessageToAssignee","Value":null},{"ParentStepIdentifier":"b60d6232-b42d-4eac-866a-74adf35de343","ParentWorkflowIdentifier":"70fe0e91-58c2-45e2-a1d3-75a535fe110f","Name":"NestedWorkflowIdentifier","Value":"7cd8a4ae-6fd0-42f1-af69-412154ec979f"},{"ParentStepIdentifier":"b60d6232-b42d-4eac-866a-74adf35de343","ParentWorkflowIdentifier":"70fe0e91-58c2-45e2-a1d3-75a535fe110f","Name":"NestedWorkflowInputs","Value":"[{\"FieldName\":\"IP Addresses\",\"Value\":\"[Entity.Identifier]\"}]"},{"ParentStepIdentifier":"b60d6232-b42d-4eac-866a-74adf35de343","ParentWorkflowIdentifier":"70fe0e91-58c2-45e2-a1d3-75a535fe110f","Name":"PendingActionTimeout","Value":null}],"AutoSkipOnFailure":false,"IsDebugMockData":false,"StepDebugData":null,"ParentStepContainerId":null,"IsTouchedByAi":false,"ParallelActions":[]},{"Identifier":"db68e044-be5a-44e3-9b05-7edc424bb468","OriginalStepIdentifier":"19175637-f3df-4637-aa9b-c42161b3b968","ParentWorkflowIdentifier":"70fe0e91-58c2-45e2-a1d3-75a535fe110f","ParentStepIdentifiers":["29c501cd-f3dc-4f4a-a11e-44136293f5db"],"ParentStepIdentifier":"29c501cd-f3dc-4f4a-a11e-44136293f5db","PreviousResultCondition":"{}","InstanceName":"Close Case","IsAutomatic":true,"Name":"Siemplify_Close Case","IsSkippable":false,"Description":"Closes the case the current alert has been grouped to","ActionProvider":"Scripts","ActionName":"Siemplify_Close Case","Type":0,"Integration":"Siemplify","Parameters":[{"ParentStepIdentifier":"db68e044-be5a-44e3-9b05-7edc424bb468","ParentWorkflowIdentifier":"70fe0e91-58c2-45e2-a1d3-75a535fe110f","Name":"AssignedUsers","Value":null},{"ParentStepIdentifier":"db68e044-be5a-44e3-9b05-7edc424bb468","ParentWorkflowIdentifier":"70fe0e91-58c2-45e2-a1d3-75a535fe110f","Name":"AsyncActionTimeout","Value":"86400"},{"ParentStepIdentifier":"db68e044-be5a-44e3-9b05-7edc424bb468","ParentWorkflowIdentifier":"70fe0e91-58c2-45e2-a1d3-75a535fe110f","Name":"AsyncPollingInterval","Value":"3600"},{"ParentStepIdentifier":"db68e044-be5a-44e3-9b05-7edc424bb468","ParentWorkflowIdentifier":"70fe0e91-58c2-45e2-a1d3-75a535fe110f","Name":"DynamicInjectionInstancePlaceholder","Value":""},{"ParentStepIdentifier":"db68e044-be5a-44e3-9b05-7edc424bb468","ParentWorkflowIdentifier":"70fe0e91-58c2-45e2-a1d3-75a535fe110f","Name":"FallbackIntegrationInstance","Value":"722686c4-4c46-41bc-8ad6-757b28c5f083"},{"ParentStepIdentifier":"db68e044-be5a-44e3-9b05-7edc424bb468","ParentWorkflowIdentifier":"70fe0e91-58c2-45e2-a1d3-75a535fe110f","Name":"FetchInstanceByName","Value":"false"},{"ParentStepIdentifier":"db68e044-be5a-44e3-9b05-7edc424bb468","ParentWorkflowIdentifier":"70fe0e91-58c2-45e2-a1d3-75a535fe110f","Name":"HasApprovalLink","Value":null},{"ParentStepIdentifier":"db68e044-be5a-44e3-9b05-7edc424bb468","ParentWorkflowIdentifier":"70fe0e91-58c2-45e2-a1d3-75a535fe110f","Name":"IntegrationInstance","Value":"AutomaticEnvironment"},{"ParentStepIdentifier":"db68e044-be5a-44e3-9b05-7edc424bb468","ParentWorkflowIdentifier":"70fe0e91-58c2-45e2-a1d3-75a535fe110f","Name":"MessageToAssignee","Value":null},{"ParentStepIdentifier":"db68e044-be5a-44e3-9b05-7edc424bb468","ParentWorkflowIdentifier":"70fe0e91-58c2-45e2-a1d3-75a535fe110f","Name":"PendingActionTimeout","Value":null},{"ParentStepIdentifier":"db68e044-be5a-44e3-9b05-7edc424bb468","ParentWorkflowIdentifier":"70fe0e91-58c2-45e2-a1d3-75a535fe110f","Name":"ScriptName","Value":"Siemplify_Close Case"},{"ParentStepIdentifier":"db68e044-be5a-44e3-9b05-7edc424bb468","ParentWorkflowIdentifier":"70fe0e91-58c2-45e2-a1d3-75a535fe110f","Name":"ScriptParametersEntityFields","Value":"{\"Reason\":\"NotMalicious\",\"Root Cause\":\"Normal behavior\",\"Comment\":\"IPs found to be non-suspicious.\"}"},{"ParentStepIdentifier":"db68e044-be5a-44e3-9b05-7edc424bb468","ParentWorkflowIdentifier":"70fe0e91-58c2-45e2-a1d3-75a535fe110f","Name":"SelectedScopeName","Value":"All entities"}],"AutoSkipOnFailure":false,"IsDebugMockData":false,"StepDebugData":null,"ParentStepContainerId":null,"IsTouchedByAi":false,"ParallelActions":[]}],"Triggers":[{"Identifier":"262bf6ff-2345-4de9-99a4-0afb9dba3958","IsEnabled":false,"DefinitionIdentifier":"70fe0e91-58c2-45e2-a1d3-75a535fe110f","Type":8,"WorkflowName":null,"LogicalOperator":0,"Conditions":[{"FieldName":"","MatchType":0,"Value":""}],"Environments":["*"]}],"OverviewTemplates":[],"Permissions":[],"Environments":["*"]}}