{"CategoryName":"Team Cymru Use Cases","OverviewTemplatesDetails":[],"WidgetTemplates":[],"Definition":{"Identifier":"6aba61fc-039c-4122-be7c-1fd0de0c3685","IsEnable":true,"Version":0.0,"IsArchived":false,"IsAutomatic":true,"Name":"Block Suspicious IP","Category":2,"Description":"Block an IP address from the network if found suspicious from Team Cymru Scout","Priority":2,"Creator":"11f7964a-fbca-4a65-a00f-b0f3f2f2ed9e","VersionCreator":null,"VersionComment":null,"OriginalWorkflowIdentifier":"82dc519a-067e-425d-ad09-627708e1107e","TemplateName":null,"PlaybookType":0,"IsDebugMode":false,"DebugBaseAlertIdentifier":"VIRUS FOUND OR SECURITY RISK FOUND:_2B6774F0-48D1-4705-A0F3-08BCE360BA30","DebugAlertIdentifier":"VIRUS FOUND OR SECURITY RISK FOUND:5239D9A0-8BB3-4B80-814D-15FA07A00841","SimulationClone":false,"DefaultAccessLevel":2,"Steps":[{"Identifier":"4ec673e5-267d-4888-a02a-3844295336e4","OriginalStepIdentifier":"19175637-f3df-4637-aa9b-c42161b3b968","ParentWorkflowIdentifier":"6aba61fc-039c-4122-be7c-1fd0de0c3685","ParentStepIdentifiers":["e755579f-5fc4-4a9d-9c41-8567d2e55311"],"ParentStepIdentifier":"e755579f-5fc4-4a9d-9c41-8567d2e55311","PreviousResultCondition":"{}","InstanceName":"Close Case","IsAutomatic":true,"Name":"Siemplify_Close Case","IsSkippable":false,"Description":"Closes the case the current alert has been grouped to","ActionProvider":"Scripts","ActionName":"Siemplify_Close Case","Type":0,"Integration":"Siemplify","Parameters":[{"ParentStepIdentifier":"4ec673e5-267d-4888-a02a-3844295336e4","ParentWorkflowIdentifier":"6aba61fc-039c-4122-be7c-1fd0de0c3685","Name":"AssignedUsers","Value":null},{"ParentStepIdentifier":"4ec673e5-267d-4888-a02a-3844295336e4","ParentWorkflowIdentifier":"6aba61fc-039c-4122-be7c-1fd0de0c3685","Name":"AsyncActionTimeout","Value":"86400"},{"ParentStepIdentifier":"4ec673e5-267d-4888-a02a-3844295336e4","ParentWorkflowIdentifier":"6aba61fc-039c-4122-be7c-1fd0de0c3685","Name":"AsyncPollingInterval","Value":"3600"},{"ParentStepIdentifier":"4ec673e5-267d-4888-a02a-3844295336e4","ParentWorkflowIdentifier":"6aba61fc-039c-4122-be7c-1fd0de0c3685","Name":"DynamicInjectionInstancePlaceholder","Value":""},{"ParentStepIdentifier":"4ec673e5-267d-4888-a02a-3844295336e4","ParentWorkflowIdentifier":"6aba61fc-039c-4122-be7c-1fd0de0c3685","Name":"FallbackIntegrationInstance","Value":"722686c4-4c46-41bc-8ad6-757b28c5f083"},{"ParentStepIdentifier":"4ec673e5-267d-4888-a02a-3844295336e4","ParentWorkflowIdentifier":"6aba61fc-039c-4122-be7c-1fd0de0c3685","Name":"FetchInstanceByName","Value":"false"},{"ParentStepIdentifier":"4ec673e5-267d-4888-a02a-3844295336e4","ParentWorkflowIdentifier":"6aba61fc-039c-4122-be7c-1fd0de0c3685","Name":"HasApprovalLink","Value":null},{"ParentStepIdentifier":"4ec673e5-267d-4888-a02a-3844295336e4","ParentWorkflowIdentifier":"6aba61fc-039c-4122-be7c-1fd0de0c3685","Name":"IntegrationInstance","Value":"AutomaticEnvironment"},{"ParentStepIdentifier":"4ec673e5-267d-4888-a02a-3844295336e4","ParentWorkflowIdentifier":"6aba61fc-039c-4122-be7c-1fd0de0c3685","Name":"MessageToAssignee","Value":null},{"ParentStepIdentifier":"4ec673e5-267d-4888-a02a-3844295336e4","ParentWorkflowIdentifier":"6aba61fc-039c-4122-be7c-1fd0de0c3685","Name":"PendingActionTimeout","Value":null},{"ParentStepIdentifier":"4ec673e5-267d-4888-a02a-3844295336e4","ParentWorkflowIdentifier":"6aba61fc-039c-4122-be7c-1fd0de0c3685","Name":"ScriptName","Value":"Siemplify_Close Case"},{"ParentStepIdentifier":"4ec673e5-267d-4888-a02a-3844295336e4","ParentWorkflowIdentifier":"6aba61fc-039c-4122-be7c-1fd0de0c3685","Name":"ScriptParametersEntityFields","Value":"{\"Reason\":\"NotMalicious\",\"Root Cause\":\"Normal behavior\",\"Comment\":\"IPs found to be non-suspicious.\"}"},{"ParentStepIdentifier":"4ec673e5-267d-4888-a02a-3844295336e4","ParentWorkflowIdentifier":"6aba61fc-039c-4122-be7c-1fd0de0c3685","Name":"SelectedScopeName","Value":"All entities"}],"AutoSkipOnFailure":false,"IsDebugMockData":false,"StepDebugData":null,"ParentStepContainerId":null,"IsTouchedByAi":false,"ParallelActions":[]},{"Identifier":"65810518-e7e4-4bef-a040-0274362fcc9f","OriginalStepIdentifier":"4236dd9e-b39e-4dc1-a482-81bb9107dd51","ParentWorkflowIdentifier":"6aba61fc-039c-4122-be7c-1fd0de0c3685","ParentStepIdentifiers":["f06422c2-d327-41a7-8e82-ad5af1151f10"],"ParentStepIdentifier":"f06422c2-d327-41a7-8e82-ad5af1151f10","PreviousResultCondition":"{}","InstanceName":"Is IP Suspicious ?","IsAutomatic":true,"Name":"Condition","IsSkippable":false,"Description":"This condition determines the progress of the playbook. Conditions are built based on cases data (cases, alerts, vents, entities and environment properties) as-well as data that comes back from previous playbook steps.","ActionProvider":"Flow","ActionName":"IfFlowCondition","Type":4,"Integration":"Flow","Parameters":[{"ParentStepIdentifier":"65810518-e7e4-4bef-a040-0274362fcc9f","ParentWorkflowIdentifier":"6aba61fc-039c-4122-be7c-1fd0de0c3685","Name":"AssignedUsers","Value":null},{"ParentStepIdentifier":"65810518-e7e4-4bef-a040-0274362fcc9f","ParentWorkflowIdentifier":"6aba61fc-039c-4122-be7c-1fd0de0c3685","Name":"Branches","Value":"[{\"LogicalOperator\":0,\"Conditions\":[{\"Operator\":0,\"FieldName\":\"[Is IP Suspicious.ReturnValue]\",\"Type\":2,\"Value\":\"true\"}],\"Order\":1,\"IsDefaultBranch\":false,\"Name\":\"Branch\"},{\"LogicalOperator\":0,\"Conditions\":[],\"Order\":2,\"IsDefaultBranch\":true,\"Name\":\"Branch\"}]"},{"ParentStepIdentifier":"65810518-e7e4-4bef-a040-0274362fcc9f","ParentWorkflowIdentifier":"6aba61fc-039c-4122-be7c-1fd0de0c3685","Name":"DynamicInjectionInstancePlaceholder","Value":null},{"ParentStepIdentifier":"65810518-e7e4-4bef-a040-0274362fcc9f","ParentWorkflowIdentifier":"6aba61fc-039c-4122-be7c-1fd0de0c3685","Name":"ErrorFallbackBranch","Value":null},{"ParentStepIdentifier":"65810518-e7e4-4bef-a040-0274362fcc9f","ParentWorkflowIdentifier":"6aba61fc-039c-4122-be7c-1fd0de0c3685","Name":"FetchInstanceByName","Value":null},{"ParentStepIdentifier":"65810518-e7e4-4bef-a040-0274362fcc9f","ParentWorkflowIdentifier":"6aba61fc-039c-4122-be7c-1fd0de0c3685","Name":"HasApprovalLink","Value":null},{"ParentStepIdentifier":"65810518-e7e4-4bef-a040-0274362fcc9f","ParentWorkflowIdentifier":"6aba61fc-039c-4122-be7c-1fd0de0c3685","Name":"MessageToAssignee","Value":null},{"ParentStepIdentifier":"65810518-e7e4-4bef-a040-0274362fcc9f","ParentWorkflowIdentifier":"6aba61fc-039c-4122-be7c-1fd0de0c3685","Name":"PendingActionTimeout","Value":null},{"ParentStepIdentifier":"65810518-e7e4-4bef-a040-0274362fcc9f","ParentWorkflowIdentifier":"6aba61fc-039c-4122-be7c-1fd0de0c3685","Name":"SelectedScopeName","Value":"All entities"}],"AutoSkipOnFailure":false,"IsDebugMockData":false,"StepDebugData":null,"ParentStepContainerId":null,"IsTouchedByAi":false,"ParallelActions":[]},{"Identifier":"79cb967b-58e9-4bbb-9641-5e5bc9ce158d","OriginalStepIdentifier":"19869a07-1793-4e69-85b0-0c4ea4a9a8f4","ParentWorkflowIdentifier":"6aba61fc-039c-4122-be7c-1fd0de0c3685","ParentStepIdentifiers":["65810518-e7e4-4bef-a040-0274362fcc9f"],"ParentStepIdentifier":"65810518-e7e4-4bef-a040-0274362fcc9f","PreviousResultCondition":"{\n  \"65810518-e7e4-4bef-a040-0274362fcc9f\": \"1\"\n}","InstanceName":"Block IP","IsAutomatic":true,"Name":"Block IP","IsSkippable":false,"Description":"Block IP Address by raising a ticket in the ServiceNow platform","ActionProvider":"Flow","ActionName":"NestedAction","Type":5,"Integration":"Siemplify","Parameters":[{"ParentStepIdentifier":"79cb967b-58e9-4bbb-9641-5e5bc9ce158d","ParentWorkflowIdentifier":"6aba61fc-039c-4122-be7c-1fd0de0c3685","Name":"AssignedUsers","Value":null},{"ParentStepIdentifier":"79cb967b-58e9-4bbb-9641-5e5bc9ce158d","ParentWorkflowIdentifier":"6aba61fc-039c-4122-be7c-1fd0de0c3685","Name":"HasApprovalLink","Value":null},{"ParentStepIdentifier":"79cb967b-58e9-4bbb-9641-5e5bc9ce158d","ParentWorkflowIdentifier":"6aba61fc-039c-4122-be7c-1fd0de0c3685","Name":"MessageToAssignee","Value":null},{"ParentStepIdentifier":"79cb967b-58e9-4bbb-9641-5e5bc9ce158d","ParentWorkflowIdentifier":"6aba61fc-039c-4122-be7c-1fd0de0c3685","Name":"NestedWorkflowIdentifier","Value":"dd4c574e-8a0c-470c-a1b4-c0ace450afdc"},{"ParentStepIdentifier":"79cb967b-58e9-4bbb-9641-5e5bc9ce158d","ParentWorkflowIdentifier":"6aba61fc-039c-4122-be7c-1fd0de0c3685","Name":"NestedWorkflowInputs","Value":"[{\"FieldName\":\"IP Address\",\"Value\":null}]"},{"ParentStepIdentifier":"79cb967b-58e9-4bbb-9641-5e5bc9ce158d","ParentWorkflowIdentifier":"6aba61fc-039c-4122-be7c-1fd0de0c3685","Name":"PendingActionTimeout","Value":null}],"AutoSkipOnFailure":false,"IsDebugMockData":false,"StepDebugData":null,"ParentStepContainerId":null,"IsTouchedByAi":false,"ParallelActions":[]},{"Identifier":"e755579f-5fc4-4a9d-9c41-8567d2e55311","OriginalStepIdentifier":"9959cc31-532b-46f4-adb2-f7b7ec4da355","ParentWorkflowIdentifier":"6aba61fc-039c-4122-be7c-1fd0de0c3685","ParentStepIdentifiers":["65810518-e7e4-4bef-a040-0274362fcc9f"],"ParentStepIdentifier":"65810518-e7e4-4bef-a040-0274362fcc9f","PreviousResultCondition":"{\n  \"65810518-e7e4-4bef-a040-0274362fcc9f\": \"2\"\n}","InstanceName":"Priority - Informative","IsAutomatic":true,"Name":"Siemplify_Change Priority","IsSkippable":false,"Description":"Automatically change case priority to the given input","ActionProvider":"Scripts","ActionName":"Siemplify_Change Priority","Type":0,"Integration":"Siemplify","Parameters":[{"ParentStepIdentifier":"e755579f-5fc4-4a9d-9c41-8567d2e55311","ParentWorkflowIdentifier":"6aba61fc-039c-4122-be7c-1fd0de0c3685","Name":"AssignedUsers","Value":null},{"ParentStepIdentifier":"e755579f-5fc4-4a9d-9c41-8567d2e55311","ParentWorkflowIdentifier":"6aba61fc-039c-4122-be7c-1fd0de0c3685","Name":"DynamicInjectionInstancePlaceholder","Value":""},{"ParentStepIdentifier":"e755579f-5fc4-4a9d-9c41-8567d2e55311","ParentWorkflowIdentifier":"6aba61fc-039c-4122-be7c-1fd0de0c3685","Name":"FallbackIntegrationInstance","Value":"722686c4-4c46-41bc-8ad6-757b28c5f083"},{"ParentStepIdentifier":"e755579f-5fc4-4a9d-9c41-8567d2e55311","ParentWorkflowIdentifier":"6aba61fc-039c-4122-be7c-1fd0de0c3685","Name":"FetchInstanceByName","Value":"false"},{"ParentStepIdentifier":"e755579f-5fc4-4a9d-9c41-8567d2e55311","ParentWorkflowIdentifier":"6aba61fc-039c-4122-be7c-1fd0de0c3685","Name":"HasApprovalLink","Value":null},{"ParentStepIdentifier":"e755579f-5fc4-4a9d-9c41-8567d2e55311","ParentWorkflowIdentifier":"6aba61fc-039c-4122-be7c-1fd0de0c3685","Name":"IntegrationInstance","Value":"AutomaticEnvironment"},{"ParentStepIdentifier":"e755579f-5fc4-4a9d-9c41-8567d2e55311","ParentWorkflowIdentifier":"6aba61fc-039c-4122-be7c-1fd0de0c3685","Name":"MessageToAssignee","Value":null},{"ParentStepIdentifier":"e755579f-5fc4-4a9d-9c41-8567d2e55311","ParentWorkflowIdentifier":"6aba61fc-039c-4122-be7c-1fd0de0c3685","Name":"PendingActionTimeout","Value":null},{"ParentStepIdentifier":"e755579f-5fc4-4a9d-9c41-8567d2e55311","ParentWorkflowIdentifier":"6aba61fc-039c-4122-be7c-1fd0de0c3685","Name":"ScriptName","Value":"Siemplify_Change Priority"},{"ParentStepIdentifier":"e755579f-5fc4-4a9d-9c41-8567d2e55311","ParentWorkflowIdentifier":"6aba61fc-039c-4122-be7c-1fd0de0c3685","Name":"ScriptParametersEntityFields","Value":"{\"Priority\":\"Informative\"}"},{"ParentStepIdentifier":"e755579f-5fc4-4a9d-9c41-8567d2e55311","ParentWorkflowIdentifier":"6aba61fc-039c-4122-be7c-1fd0de0c3685","Name":"SelectedScopeName","Value":"All entities"}],"AutoSkipOnFailure":true,"IsDebugMockData":false,"StepDebugData":null,"ParentStepContainerId":null,"IsTouchedByAi":false,"ParallelActions":[]},{"Identifier":"f06422c2-d327-41a7-8e82-ad5af1151f10","OriginalStepIdentifier":"1eee2488-42e9-4b40-abcf-a9d5d88b5906","ParentWorkflowIdentifier":"6aba61fc-039c-4122-be7c-1fd0de0c3685","ParentStepIdentifiers":[],"ParentStepIdentifier":"","PreviousResultCondition":null,"InstanceName":"Is IP Suspicious","IsAutomatic":true,"Name":"Is IP Suspicious","IsSkippable":false,"Description":"Using Team Cymru Scout insights, determine if the input IP(s) is/are suspicious.","ActionProvider":"Flow","ActionName":"NestedAction","Type":5,"Integration":"Siemplify","Parameters":[{"ParentStepIdentifier":"f06422c2-d327-41a7-8e82-ad5af1151f10","ParentWorkflowIdentifier":"6aba61fc-039c-4122-be7c-1fd0de0c3685","Name":"AssignedUsers","Value":null},{"ParentStepIdentifier":"f06422c2-d327-41a7-8e82-ad5af1151f10","ParentWorkflowIdentifier":"6aba61fc-039c-4122-be7c-1fd0de0c3685","Name":"DynamicInjectionInstancePlaceholder","Value":null},{"ParentStepIdentifier":"f06422c2-d327-41a7-8e82-ad5af1151f10","ParentWorkflowIdentifier":"6aba61fc-039c-4122-be7c-1fd0de0c3685","Name":"FetchInstanceByName","Value":null},{"ParentStepIdentifier":"f06422c2-d327-41a7-8e82-ad5af1151f10","ParentWorkflowIdentifier":"6aba61fc-039c-4122-be7c-1fd0de0c3685","Name":"HasApprovalLink","Value":null},{"ParentStepIdentifier":"f06422c2-d327-41a7-8e82-ad5af1151f10","ParentWorkflowIdentifier":"6aba61fc-039c-4122-be7c-1fd0de0c3685","Name":"MessageToAssignee","Value":null},{"ParentStepIdentifier":"f06422c2-d327-41a7-8e82-ad5af1151f10","ParentWorkflowIdentifier":"6aba61fc-039c-4122-be7c-1fd0de0c3685","Name":"NestedWorkflowIdentifier","Value":"be77845b-fb68-43e6-95ad-4fe1f11bfe56"},{"ParentStepIdentifier":"f06422c2-d327-41a7-8e82-ad5af1151f10","ParentWorkflowIdentifier":"6aba61fc-039c-4122-be7c-1fd0de0c3685","Name":"NestedWorkflowInputs","Value":"[{\"FieldName\":\"IP Addresses\",\"Value\":\"[Entity.Identifier]\"}]"},{"ParentStepIdentifier":"f06422c2-d327-41a7-8e82-ad5af1151f10","ParentWorkflowIdentifier":"6aba61fc-039c-4122-be7c-1fd0de0c3685","Name":"PendingActionTimeout","Value":null}],"AutoSkipOnFailure":false,"IsDebugMockData":false,"StepDebugData":null,"ParentStepContainerId":null,"IsTouchedByAi":false,"ParallelActions":[]}],"Triggers":[{"Identifier":"5b523c50-76c2-4dac-8170-88e9c5f376af","IsEnabled":true,"DefinitionIdentifier":"6aba61fc-039c-4122-be7c-1fd0de0c3685","Type":8,"WorkflowName":null,"LogicalOperator":0,"Conditions":[{"FieldName":"","MatchType":0,"Value":""}],"Environments":["*"]}],"OverviewTemplates":[],"Permissions":[],"Environments":["*"]}}