{"CategoryName":"Team Cymru Use Cases","OverviewTemplatesDetails":[],"WidgetTemplates":[],"Definition":{"Identifier":"fbdf792d-8849-4d67-95c7-60f68226c907","IsEnable":true,"Version":0.0,"IsArchived":false,"IsAutomatic":false,"Name":"Block IP","Category":2,"Description":"Block IP Address by raising a ticket in the ServiceNow platform","Priority":2,"Creator":"11f7964a-fbca-4a65-a00f-b0f3f2f2ed9e","VersionCreator":null,"VersionComment":null,"OriginalWorkflowIdentifier":"4931e978-4b93-4530-88e4-9824ccd6b067","TemplateName":null,"PlaybookType":1,"IsDebugMode":false,"DebugBaseAlertIdentifier":null,"DebugAlertIdentifier":null,"SimulationClone":false,"DefaultAccessLevel":2,"Steps":[{"Identifier":"2c79509d-23e0-4fda-9432-014dbb97c7c1","OriginalStepIdentifier":"c3c591c1-a3d8-41fa-b661-be07b43a63f7","ParentWorkflowIdentifier":"fbdf792d-8849-4d67-95c7-60f68226c907","ParentStepIdentifiers":[],"ParentStepIdentifier":"","PreviousResultCondition":"{}","InstanceName":"Change Priority","IsAutomatic":true,"Name":"Siemplify_Change Priority","IsSkippable":false,"Description":"Automatically change case priority to the given input","ActionProvider":"Scripts","ActionName":"Siemplify_Change Priority","Type":0,"Integration":"Siemplify","Parameters":[{"ParentStepIdentifier":"2c79509d-23e0-4fda-9432-014dbb97c7c1","ParentWorkflowIdentifier":"fbdf792d-8849-4d67-95c7-60f68226c907","Name":"AssignedUsers","Value":null},{"ParentStepIdentifier":"2c79509d-23e0-4fda-9432-014dbb97c7c1","ParentWorkflowIdentifier":"fbdf792d-8849-4d67-95c7-60f68226c907","Name":"DynamicInjectionInstancePlaceholder","Value":""},{"ParentStepIdentifier":"2c79509d-23e0-4fda-9432-014dbb97c7c1","ParentWorkflowIdentifier":"fbdf792d-8849-4d67-95c7-60f68226c907","Name":"FallbackIntegrationInstance","Value":"722686c4-4c46-41bc-8ad6-757b28c5f083"},{"ParentStepIdentifier":"2c79509d-23e0-4fda-9432-014dbb97c7c1","ParentWorkflowIdentifier":"fbdf792d-8849-4d67-95c7-60f68226c907","Name":"FetchInstanceByName","Value":"false"},{"ParentStepIdentifier":"2c79509d-23e0-4fda-9432-014dbb97c7c1","ParentWorkflowIdentifier":"fbdf792d-8849-4d67-95c7-60f68226c907","Name":"HasApprovalLink","Value":null},{"ParentStepIdentifier":"2c79509d-23e0-4fda-9432-014dbb97c7c1","ParentWorkflowIdentifier":"fbdf792d-8849-4d67-95c7-60f68226c907","Name":"IntegrationInstance","Value":"AutomaticEnvironment"},{"ParentStepIdentifier":"2c79509d-23e0-4fda-9432-014dbb97c7c1","ParentWorkflowIdentifier":"fbdf792d-8849-4d67-95c7-60f68226c907","Name":"MessageToAssignee","Value":null},{"ParentStepIdentifier":"2c79509d-23e0-4fda-9432-014dbb97c7c1","ParentWorkflowIdentifier":"fbdf792d-8849-4d67-95c7-60f68226c907","Name":"PendingActionTimeout","Value":null},{"ParentStepIdentifier":"2c79509d-23e0-4fda-9432-014dbb97c7c1","ParentWorkflowIdentifier":"fbdf792d-8849-4d67-95c7-60f68226c907","Name":"ScriptName","Value":"Siemplify_Change Priority"},{"ParentStepIdentifier":"2c79509d-23e0-4fda-9432-014dbb97c7c1","ParentWorkflowIdentifier":"fbdf792d-8849-4d67-95c7-60f68226c907","Name":"ScriptParametersEntityFields","Value":"{\"Priority\":\"Critical\"}"},{"ParentStepIdentifier":"2c79509d-23e0-4fda-9432-014dbb97c7c1","ParentWorkflowIdentifier":"fbdf792d-8849-4d67-95c7-60f68226c907","Name":"SelectedScopeName","Value":"All entities"}],"AutoSkipOnFailure":false,"IsDebugMockData":false,"StepDebugData":null,"ParentStepContainerId":null,"IsTouchedByAi":false,"ParallelActions":[]},{"Identifier":"3627eabc-7836-4f05-b454-c10c61cf8a35","OriginalStepIdentifier":"08b0af83-797d-49c0-aadb-ad448df61f8d","ParentWorkflowIdentifier":"fbdf792d-8849-4d67-95c7-60f68226c907","ParentStepIdentifiers":["9ba3dc73-39db-4ebf-b691-2f5dd4d5cc6f"],"ParentStepIdentifier":"9ba3dc73-39db-4ebf-b691-2f5dd4d5cc6f","PreviousResultCondition":"{}","InstanceName":"Output_1","IsAutomatic":true,"Name":"Output","IsSkippable":false,"Description":"","ActionProvider":"Flow","ActionName":"OutputAction","Type":6,"Integration":"Flow","Parameters":[{"ParentStepIdentifier":"3627eabc-7836-4f05-b454-c10c61cf8a35","ParentWorkflowIdentifier":"fbdf792d-8849-4d67-95c7-60f68226c907","Name":"NestedWorkflowOutput","Value":null}],"AutoSkipOnFailure":false,"IsDebugMockData":false,"StepDebugData":{"CreationTimeUnixTimeInMs":0,"ModificationTimeUnixTimeInMs":0,"OriginalWorkflowIdentifier":"4931e978-4b93-4530-88e4-9824ccd6b067","OriginalStepIdentifier":"08b0af83-797d-49c0-aadb-ad448df61f8d","ResultValue":"","ResultJson":"","ScopeEntitiesEnrichmentData":[],"ScopeEntitiesEnrichmentDataJson":"[]"},"ParentStepContainerId":null,"IsTouchedByAi":false,"ParallelActions":[]},{"Identifier":"75d730cc-e051-4329-80b7-69b2fe996ce1","OriginalStepIdentifier":"a8823d9c-d689-462a-8c07-03c0d7fe5db8","ParentWorkflowIdentifier":"fbdf792d-8849-4d67-95c7-60f68226c907","ParentStepIdentifiers":["2c79509d-23e0-4fda-9432-014dbb97c7c1"],"ParentStepIdentifier":"2c79509d-23e0-4fda-9432-014dbb97c7c1","PreviousResultCondition":"{}","InstanceName":"Raise Incident","IsAutomatic":true,"Name":"Siemplify_Raise Incident","IsSkippable":false,"Description":"Raise case incident (Note - Used to mark critical true positive cases)","ActionProvider":"Scripts","ActionName":"Siemplify_Raise Incident","Type":0,"Integration":"Siemplify","Parameters":[{"ParentStepIdentifier":"75d730cc-e051-4329-80b7-69b2fe996ce1","ParentWorkflowIdentifier":"fbdf792d-8849-4d67-95c7-60f68226c907","Name":"AssignedUsers","Value":null},{"ParentStepIdentifier":"75d730cc-e051-4329-80b7-69b2fe996ce1","ParentWorkflowIdentifier":"fbdf792d-8849-4d67-95c7-60f68226c907","Name":"AsyncActionTimeout","Value":"86400"},{"ParentStepIdentifier":"75d730cc-e051-4329-80b7-69b2fe996ce1","ParentWorkflowIdentifier":"fbdf792d-8849-4d67-95c7-60f68226c907","Name":"AsyncPollingInterval","Value":"3600"},{"ParentStepIdentifier":"75d730cc-e051-4329-80b7-69b2fe996ce1","ParentWorkflowIdentifier":"fbdf792d-8849-4d67-95c7-60f68226c907","Name":"DynamicInjectionInstancePlaceholder","Value":""},{"ParentStepIdentifier":"75d730cc-e051-4329-80b7-69b2fe996ce1","ParentWorkflowIdentifier":"fbdf792d-8849-4d67-95c7-60f68226c907","Name":"FallbackIntegrationInstance","Value":"722686c4-4c46-41bc-8ad6-757b28c5f083"},{"ParentStepIdentifier":"75d730cc-e051-4329-80b7-69b2fe996ce1","ParentWorkflowIdentifier":"fbdf792d-8849-4d67-95c7-60f68226c907","Name":"FetchInstanceByName","Value":"false"},{"ParentStepIdentifier":"75d730cc-e051-4329-80b7-69b2fe996ce1","ParentWorkflowIdentifier":"fbdf792d-8849-4d67-95c7-60f68226c907","Name":"HasApprovalLink","Value":null},{"ParentStepIdentifier":"75d730cc-e051-4329-80b7-69b2fe996ce1","ParentWorkflowIdentifier":"fbdf792d-8849-4d67-95c7-60f68226c907","Name":"IntegrationInstance","Value":"AutomaticEnvironment"},{"ParentStepIdentifier":"75d730cc-e051-4329-80b7-69b2fe996ce1","ParentWorkflowIdentifier":"fbdf792d-8849-4d67-95c7-60f68226c907","Name":"MessageToAssignee","Value":null},{"ParentStepIdentifier":"75d730cc-e051-4329-80b7-69b2fe996ce1","ParentWorkflowIdentifier":"fbdf792d-8849-4d67-95c7-60f68226c907","Name":"PendingActionTimeout","Value":null},{"ParentStepIdentifier":"75d730cc-e051-4329-80b7-69b2fe996ce1","ParentWorkflowIdentifier":"fbdf792d-8849-4d67-95c7-60f68226c907","Name":"ScriptName","Value":"Siemplify_Raise Incident"},{"ParentStepIdentifier":"75d730cc-e051-4329-80b7-69b2fe996ce1","ParentWorkflowIdentifier":"fbdf792d-8849-4d67-95c7-60f68226c907","Name":"ScriptParametersEntityFields","Value":"{\"Soc Role\":\"@SocManager\"}"},{"ParentStepIdentifier":"75d730cc-e051-4329-80b7-69b2fe996ce1","ParentWorkflowIdentifier":"fbdf792d-8849-4d67-95c7-60f68226c907","Name":"SelectedScopeName","Value":"All entities"}],"AutoSkipOnFailure":false,"IsDebugMockData":false,"StepDebugData":null,"ParentStepContainerId":null,"IsTouchedByAi":false,"ParallelActions":[]},{"Identifier":"9ba3dc73-39db-4ebf-b691-2f5dd4d5cc6f","OriginalStepIdentifier":"42ac7970-32eb-412b-a39d-5be146c63c8f","ParentWorkflowIdentifier":"fbdf792d-8849-4d67-95c7-60f68226c907","ParentStepIdentifiers":["75d730cc-e051-4329-80b7-69b2fe996ce1"],"ParentStepIdentifier":"75d730cc-e051-4329-80b7-69b2fe996ce1","PreviousResultCondition":"{}","InstanceName":"Create ServiceNow  Incident","IsAutomatic":true,"Name":"ServiceNow_Create Incident","IsSkippable":false,"Description":"Create a new incident in the ServiceNow system","ActionProvider":"Scripts","ActionName":"ServiceNow_Create Incident","Type":0,"Integration":"ServiceNow","Parameters":[{"ParentStepIdentifier":"9ba3dc73-39db-4ebf-b691-2f5dd4d5cc6f","ParentWorkflowIdentifier":"fbdf792d-8849-4d67-95c7-60f68226c907","Name":"AssignedUsers","Value":null},{"ParentStepIdentifier":"9ba3dc73-39db-4ebf-b691-2f5dd4d5cc6f","ParentWorkflowIdentifier":"fbdf792d-8849-4d67-95c7-60f68226c907","Name":"AsyncActionTimeout","Value":"86400"},{"ParentStepIdentifier":"9ba3dc73-39db-4ebf-b691-2f5dd4d5cc6f","ParentWorkflowIdentifier":"fbdf792d-8849-4d67-95c7-60f68226c907","Name":"AsyncPollingInterval","Value":"3600"},{"ParentStepIdentifier":"9ba3dc73-39db-4ebf-b691-2f5dd4d5cc6f","ParentWorkflowIdentifier":"fbdf792d-8849-4d67-95c7-60f68226c907","Name":"DynamicInjectionInstancePlaceholder","Value":""},{"ParentStepIdentifier":"9ba3dc73-39db-4ebf-b691-2f5dd4d5cc6f","ParentWorkflowIdentifier":"fbdf792d-8849-4d67-95c7-60f68226c907","Name":"FallbackIntegrationInstance","Value":null},{"ParentStepIdentifier":"9ba3dc73-39db-4ebf-b691-2f5dd4d5cc6f","ParentWorkflowIdentifier":"fbdf792d-8849-4d67-95c7-60f68226c907","Name":"FetchInstanceByName","Value":"false"},{"ParentStepIdentifier":"9ba3dc73-39db-4ebf-b691-2f5dd4d5cc6f","ParentWorkflowIdentifier":"fbdf792d-8849-4d67-95c7-60f68226c907","Name":"HasApprovalLink","Value":null},{"ParentStepIdentifier":"9ba3dc73-39db-4ebf-b691-2f5dd4d5cc6f","ParentWorkflowIdentifier":"fbdf792d-8849-4d67-95c7-60f68226c907","Name":"IntegrationInstance","Value":"AutomaticEnvironment"},{"ParentStepIdentifier":"9ba3dc73-39db-4ebf-b691-2f5dd4d5cc6f","ParentWorkflowIdentifier":"fbdf792d-8849-4d67-95c7-60f68226c907","Name":"MessageToAssignee","Value":null},{"ParentStepIdentifier":"9ba3dc73-39db-4ebf-b691-2f5dd4d5cc6f","ParentWorkflowIdentifier":"fbdf792d-8849-4d67-95c7-60f68226c907","Name":"PendingActionTimeout","Value":null},{"ParentStepIdentifier":"9ba3dc73-39db-4ebf-b691-2f5dd4d5cc6f","ParentWorkflowIdentifier":"fbdf792d-8849-4d67-95c7-60f68226c907","Name":"ScriptName","Value":"ServiceNow_Create Incident"},{"ParentStepIdentifier":"9ba3dc73-39db-4ebf-b691-2f5dd4d5cc6f","ParentWorkflowIdentifier":"fbdf792d-8849-4d67-95c7-60f68226c907","Name":"ScriptParametersEntityFields","Value":"{\"Short Description\":\"IP [Input.IP Address] in the case is found to be suspicious (from Team Cymru Scout). \\nHence, isolate the IP from the system and block it via firewall.\",\"Impact\":\"1\",\"Urgency\":\"1\",\"Category\":\"\",\"Assignment group ID\":\"\",\"Assigned User ID\":\"\",\"Description\":\"\",\"Custom Fields\":\"\"}"},{"ParentStepIdentifier":"9ba3dc73-39db-4ebf-b691-2f5dd4d5cc6f","ParentWorkflowIdentifier":"fbdf792d-8849-4d67-95c7-60f68226c907","Name":"SelectedScopeName","Value":"All entities"}],"AutoSkipOnFailure":true,"IsDebugMockData":false,"StepDebugData":{"CreationTimeUnixTimeInMs":0,"ModificationTimeUnixTimeInMs":0,"OriginalWorkflowIdentifier":"4931e978-4b93-4530-88e4-9824ccd6b067","OriginalStepIdentifier":"42ac7970-32eb-412b-a39d-5be146c63c8f","ResultValue":"","ResultJson":"","ScopeEntitiesEnrichmentData":[],"ScopeEntitiesEnrichmentDataJson":"[]"},"ParentStepContainerId":null,"IsTouchedByAi":false,"ParallelActions":[]}],"Triggers":[{"Identifier":"fb7f76e2-9a8d-467c-adb6-3a0fe7baa17f","IsEnabled":true,"DefinitionIdentifier":"fbdf792d-8849-4d67-95c7-60f68226c907","Type":11,"WorkflowName":null,"LogicalOperator":0,"Conditions":[{"FieldName":"IP Address","MatchType":0,"Value":null}],"Environments":["*"]}],"OverviewTemplates":[],"Permissions":[],"Environments":["*"]}}