{"CategoryName":"Team Cymru Use Cases","OverviewTemplatesDetails":[],"WidgetTemplates":[],"Definition":{"Identifier":"dd4c574e-8a0c-470c-a1b4-c0ace450afdc","IsEnable":true,"Version":0.0,"IsArchived":false,"IsAutomatic":false,"Name":"Block IP","Category":2,"Description":"Block IP Address by raising a ticket in the ServiceNow platform","Priority":2,"Creator":"11f7964a-fbca-4a65-a00f-b0f3f2f2ed9e","VersionCreator":null,"VersionComment":null,"OriginalWorkflowIdentifier":"4931e978-4b93-4530-88e4-9824ccd6b067","TemplateName":null,"PlaybookType":1,"IsDebugMode":false,"DebugBaseAlertIdentifier":null,"DebugAlertIdentifier":null,"SimulationClone":false,"DefaultAccessLevel":2,"Steps":[{"Identifier":"38f81716-b1ac-47b7-9efa-8c4e844bafa6","OriginalStepIdentifier":"08b0af83-797d-49c0-aadb-ad448df61f8d","ParentWorkflowIdentifier":"dd4c574e-8a0c-470c-a1b4-c0ace450afdc","ParentStepIdentifiers":["ff7472ac-9083-47bf-9c90-717bb7bb09a0"],"ParentStepIdentifier":"ff7472ac-9083-47bf-9c90-717bb7bb09a0","PreviousResultCondition":"{}","InstanceName":"Output_1","IsAutomatic":true,"Name":"Output","IsSkippable":false,"Description":"","ActionProvider":"Flow","ActionName":"OutputAction","Type":6,"Integration":"Flow","Parameters":[{"ParentStepIdentifier":"38f81716-b1ac-47b7-9efa-8c4e844bafa6","ParentWorkflowIdentifier":"dd4c574e-8a0c-470c-a1b4-c0ace450afdc","Name":"NestedWorkflowOutput","Value":null}],"AutoSkipOnFailure":false,"IsDebugMockData":false,"StepDebugData":{"CreationTimeUnixTimeInMs":0,"ModificationTimeUnixTimeInMs":0,"OriginalWorkflowIdentifier":"4931e978-4b93-4530-88e4-9824ccd6b067","OriginalStepIdentifier":"08b0af83-797d-49c0-aadb-ad448df61f8d","ResultValue":"","ResultJson":"","ScopeEntitiesEnrichmentData":[],"ScopeEntitiesEnrichmentDataJson":"[]"},"ParentStepContainerId":null,"IsTouchedByAi":false,"ParallelActions":[]},{"Identifier":"a605ac46-775b-4a77-bdda-47a27b50ef9f","OriginalStepIdentifier":"a8823d9c-d689-462a-8c07-03c0d7fe5db8","ParentWorkflowIdentifier":"dd4c574e-8a0c-470c-a1b4-c0ace450afdc","ParentStepIdentifiers":["c72d8100-5f3a-4bc7-89de-a0ab158fa968"],"ParentStepIdentifier":"c72d8100-5f3a-4bc7-89de-a0ab158fa968","PreviousResultCondition":"{}","InstanceName":"Raise Incident","IsAutomatic":true,"Name":"Siemplify_Raise Incident","IsSkippable":false,"Description":"Raise case incident (Note - Used to mark critical true positive cases)","ActionProvider":"Scripts","ActionName":"Siemplify_Raise Incident","Type":0,"Integration":"Siemplify","Parameters":[{"ParentStepIdentifier":"a605ac46-775b-4a77-bdda-47a27b50ef9f","ParentWorkflowIdentifier":"dd4c574e-8a0c-470c-a1b4-c0ace450afdc","Name":"AssignedUsers","Value":null},{"ParentStepIdentifier":"a605ac46-775b-4a77-bdda-47a27b50ef9f","ParentWorkflowIdentifier":"dd4c574e-8a0c-470c-a1b4-c0ace450afdc","Name":"AsyncActionTimeout","Value":"86400"},{"ParentStepIdentifier":"a605ac46-775b-4a77-bdda-47a27b50ef9f","ParentWorkflowIdentifier":"dd4c574e-8a0c-470c-a1b4-c0ace450afdc","Name":"AsyncPollingInterval","Value":"3600"},{"ParentStepIdentifier":"a605ac46-775b-4a77-bdda-47a27b50ef9f","ParentWorkflowIdentifier":"dd4c574e-8a0c-470c-a1b4-c0ace450afdc","Name":"DynamicInjectionInstancePlaceholder","Value":""},{"ParentStepIdentifier":"a605ac46-775b-4a77-bdda-47a27b50ef9f","ParentWorkflowIdentifier":"dd4c574e-8a0c-470c-a1b4-c0ace450afdc","Name":"FallbackIntegrationInstance","Value":"722686c4-4c46-41bc-8ad6-757b28c5f083"},{"ParentStepIdentifier":"a605ac46-775b-4a77-bdda-47a27b50ef9f","ParentWorkflowIdentifier":"dd4c574e-8a0c-470c-a1b4-c0ace450afdc","Name":"FetchInstanceByName","Value":"false"},{"ParentStepIdentifier":"a605ac46-775b-4a77-bdda-47a27b50ef9f","ParentWorkflowIdentifier":"dd4c574e-8a0c-470c-a1b4-c0ace450afdc","Name":"HasApprovalLink","Value":null},{"ParentStepIdentifier":"a605ac46-775b-4a77-bdda-47a27b50ef9f","ParentWorkflowIdentifier":"dd4c574e-8a0c-470c-a1b4-c0ace450afdc","Name":"IntegrationInstance","Value":"AutomaticEnvironment"},{"ParentStepIdentifier":"a605ac46-775b-4a77-bdda-47a27b50ef9f","ParentWorkflowIdentifier":"dd4c574e-8a0c-470c-a1b4-c0ace450afdc","Name":"MessageToAssignee","Value":null},{"ParentStepIdentifier":"a605ac46-775b-4a77-bdda-47a27b50ef9f","ParentWorkflowIdentifier":"dd4c574e-8a0c-470c-a1b4-c0ace450afdc","Name":"PendingActionTimeout","Value":null},{"ParentStepIdentifier":"a605ac46-775b-4a77-bdda-47a27b50ef9f","ParentWorkflowIdentifier":"dd4c574e-8a0c-470c-a1b4-c0ace450afdc","Name":"ScriptName","Value":"Siemplify_Raise Incident"},{"ParentStepIdentifier":"a605ac46-775b-4a77-bdda-47a27b50ef9f","ParentWorkflowIdentifier":"dd4c574e-8a0c-470c-a1b4-c0ace450afdc","Name":"ScriptParametersEntityFields","Value":"{\"Soc Role\":\"@SocManager\"}"},{"ParentStepIdentifier":"a605ac46-775b-4a77-bdda-47a27b50ef9f","ParentWorkflowIdentifier":"dd4c574e-8a0c-470c-a1b4-c0ace450afdc","Name":"SelectedScopeName","Value":"All entities"}],"AutoSkipOnFailure":false,"IsDebugMockData":false,"StepDebugData":null,"ParentStepContainerId":null,"IsTouchedByAi":false,"ParallelActions":[]},{"Identifier":"c72d8100-5f3a-4bc7-89de-a0ab158fa968","OriginalStepIdentifier":"c3c591c1-a3d8-41fa-b661-be07b43a63f7","ParentWorkflowIdentifier":"dd4c574e-8a0c-470c-a1b4-c0ace450afdc","ParentStepIdentifiers":[],"ParentStepIdentifier":"","PreviousResultCondition":"{}","InstanceName":"Change Priority","IsAutomatic":true,"Name":"Siemplify_Change Priority","IsSkippable":false,"Description":"Automatically change case priority to the given input","ActionProvider":"Scripts","ActionName":"Siemplify_Change Priority","Type":0,"Integration":"Siemplify","Parameters":[{"ParentStepIdentifier":"c72d8100-5f3a-4bc7-89de-a0ab158fa968","ParentWorkflowIdentifier":"dd4c574e-8a0c-470c-a1b4-c0ace450afdc","Name":"AssignedUsers","Value":null},{"ParentStepIdentifier":"c72d8100-5f3a-4bc7-89de-a0ab158fa968","ParentWorkflowIdentifier":"dd4c574e-8a0c-470c-a1b4-c0ace450afdc","Name":"DynamicInjectionInstancePlaceholder","Value":""},{"ParentStepIdentifier":"c72d8100-5f3a-4bc7-89de-a0ab158fa968","ParentWorkflowIdentifier":"dd4c574e-8a0c-470c-a1b4-c0ace450afdc","Name":"FallbackIntegrationInstance","Value":"722686c4-4c46-41bc-8ad6-757b28c5f083"},{"ParentStepIdentifier":"c72d8100-5f3a-4bc7-89de-a0ab158fa968","ParentWorkflowIdentifier":"dd4c574e-8a0c-470c-a1b4-c0ace450afdc","Name":"FetchInstanceByName","Value":"false"},{"ParentStepIdentifier":"c72d8100-5f3a-4bc7-89de-a0ab158fa968","ParentWorkflowIdentifier":"dd4c574e-8a0c-470c-a1b4-c0ace450afdc","Name":"HasApprovalLink","Value":null},{"ParentStepIdentifier":"c72d8100-5f3a-4bc7-89de-a0ab158fa968","ParentWorkflowIdentifier":"dd4c574e-8a0c-470c-a1b4-c0ace450afdc","Name":"IntegrationInstance","Value":"AutomaticEnvironment"},{"ParentStepIdentifier":"c72d8100-5f3a-4bc7-89de-a0ab158fa968","ParentWorkflowIdentifier":"dd4c574e-8a0c-470c-a1b4-c0ace450afdc","Name":"MessageToAssignee","Value":null},{"ParentStepIdentifier":"c72d8100-5f3a-4bc7-89de-a0ab158fa968","ParentWorkflowIdentifier":"dd4c574e-8a0c-470c-a1b4-c0ace450afdc","Name":"PendingActionTimeout","Value":null},{"ParentStepIdentifier":"c72d8100-5f3a-4bc7-89de-a0ab158fa968","ParentWorkflowIdentifier":"dd4c574e-8a0c-470c-a1b4-c0ace450afdc","Name":"ScriptName","Value":"Siemplify_Change Priority"},{"ParentStepIdentifier":"c72d8100-5f3a-4bc7-89de-a0ab158fa968","ParentWorkflowIdentifier":"dd4c574e-8a0c-470c-a1b4-c0ace450afdc","Name":"ScriptParametersEntityFields","Value":"{\"Priority\":\"Critical\"}"},{"ParentStepIdentifier":"c72d8100-5f3a-4bc7-89de-a0ab158fa968","ParentWorkflowIdentifier":"dd4c574e-8a0c-470c-a1b4-c0ace450afdc","Name":"SelectedScopeName","Value":"All entities"}],"AutoSkipOnFailure":false,"IsDebugMockData":false,"StepDebugData":null,"ParentStepContainerId":null,"IsTouchedByAi":false,"ParallelActions":[]},{"Identifier":"ff7472ac-9083-47bf-9c90-717bb7bb09a0","OriginalStepIdentifier":"42ac7970-32eb-412b-a39d-5be146c63c8f","ParentWorkflowIdentifier":"dd4c574e-8a0c-470c-a1b4-c0ace450afdc","ParentStepIdentifiers":["a605ac46-775b-4a77-bdda-47a27b50ef9f"],"ParentStepIdentifier":"a605ac46-775b-4a77-bdda-47a27b50ef9f","PreviousResultCondition":"{}","InstanceName":"Create ServiceNow  Incident","IsAutomatic":true,"Name":"ServiceNow_Create Incident","IsSkippable":false,"Description":"Create a new incident in the ServiceNow system","ActionProvider":"Scripts","ActionName":"ServiceNow_Create Incident","Type":0,"Integration":"ServiceNow","Parameters":[{"ParentStepIdentifier":"ff7472ac-9083-47bf-9c90-717bb7bb09a0","ParentWorkflowIdentifier":"dd4c574e-8a0c-470c-a1b4-c0ace450afdc","Name":"AssignedUsers","Value":null},{"ParentStepIdentifier":"ff7472ac-9083-47bf-9c90-717bb7bb09a0","ParentWorkflowIdentifier":"dd4c574e-8a0c-470c-a1b4-c0ace450afdc","Name":"AsyncActionTimeout","Value":"86400"},{"ParentStepIdentifier":"ff7472ac-9083-47bf-9c90-717bb7bb09a0","ParentWorkflowIdentifier":"dd4c574e-8a0c-470c-a1b4-c0ace450afdc","Name":"AsyncPollingInterval","Value":"3600"},{"ParentStepIdentifier":"ff7472ac-9083-47bf-9c90-717bb7bb09a0","ParentWorkflowIdentifier":"dd4c574e-8a0c-470c-a1b4-c0ace450afdc","Name":"DynamicInjectionInstancePlaceholder","Value":""},{"ParentStepIdentifier":"ff7472ac-9083-47bf-9c90-717bb7bb09a0","ParentWorkflowIdentifier":"dd4c574e-8a0c-470c-a1b4-c0ace450afdc","Name":"FallbackIntegrationInstance","Value":null},{"ParentStepIdentifier":"ff7472ac-9083-47bf-9c90-717bb7bb09a0","ParentWorkflowIdentifier":"dd4c574e-8a0c-470c-a1b4-c0ace450afdc","Name":"FetchInstanceByName","Value":"false"},{"ParentStepIdentifier":"ff7472ac-9083-47bf-9c90-717bb7bb09a0","ParentWorkflowIdentifier":"dd4c574e-8a0c-470c-a1b4-c0ace450afdc","Name":"HasApprovalLink","Value":null},{"ParentStepIdentifier":"ff7472ac-9083-47bf-9c90-717bb7bb09a0","ParentWorkflowIdentifier":"dd4c574e-8a0c-470c-a1b4-c0ace450afdc","Name":"IntegrationInstance","Value":"AutomaticEnvironment"},{"ParentStepIdentifier":"ff7472ac-9083-47bf-9c90-717bb7bb09a0","ParentWorkflowIdentifier":"dd4c574e-8a0c-470c-a1b4-c0ace450afdc","Name":"MessageToAssignee","Value":null},{"ParentStepIdentifier":"ff7472ac-9083-47bf-9c90-717bb7bb09a0","ParentWorkflowIdentifier":"dd4c574e-8a0c-470c-a1b4-c0ace450afdc","Name":"PendingActionTimeout","Value":null},{"ParentStepIdentifier":"ff7472ac-9083-47bf-9c90-717bb7bb09a0","ParentWorkflowIdentifier":"dd4c574e-8a0c-470c-a1b4-c0ace450afdc","Name":"ScriptName","Value":"ServiceNow_Create Incident"},{"ParentStepIdentifier":"ff7472ac-9083-47bf-9c90-717bb7bb09a0","ParentWorkflowIdentifier":"dd4c574e-8a0c-470c-a1b4-c0ace450afdc","Name":"ScriptParametersEntityFields","Value":"{\"Short Description\":\"IP [Input.IP Address] in the case is found to be suspicious (from Team Cymru Scout). \\nHence, isolate the IP from the system and block it via firewall.\",\"Impact\":\"1\",\"Urgency\":\"1\",\"Category\":\"\",\"Assignment group ID\":\"\",\"Assigned User ID\":\"\",\"Description\":\"\",\"Custom Fields\":\"\"}"},{"ParentStepIdentifier":"ff7472ac-9083-47bf-9c90-717bb7bb09a0","ParentWorkflowIdentifier":"dd4c574e-8a0c-470c-a1b4-c0ace450afdc","Name":"SelectedScopeName","Value":"All entities"}],"AutoSkipOnFailure":false,"IsDebugMockData":false,"StepDebugData":{"CreationTimeUnixTimeInMs":0,"ModificationTimeUnixTimeInMs":0,"OriginalWorkflowIdentifier":"4931e978-4b93-4530-88e4-9824ccd6b067","OriginalStepIdentifier":"42ac7970-32eb-412b-a39d-5be146c63c8f","ResultValue":"","ResultJson":"","ScopeEntitiesEnrichmentData":[],"ScopeEntitiesEnrichmentDataJson":"[]"},"ParentStepContainerId":null,"IsTouchedByAi":false,"ParallelActions":[]}],"Triggers":[{"Identifier":"1814e26f-1f71-4b2f-9803-a5eb08826b9e","IsEnabled":true,"DefinitionIdentifier":"dd4c574e-8a0c-470c-a1b4-c0ace450afdc","Type":11,"WorkflowName":null,"LogicalOperator":0,"Conditions":[{"FieldName":"IP Address","MatchType":0,"Value":null}],"Environments":["*"]}],"OverviewTemplates":[],"Permissions":[],"Environments":["*"]}}