{"CategoryName":"Team Cymru Use Cases","OverviewTemplatesDetails":[],"WidgetTemplates":[],"Definition":{"Identifier":"7cd8a4ae-6fd0-42f1-af69-412154ec979f","IsEnable":true,"Version":0.0,"IsArchived":false,"IsAutomatic":false,"Name":"Is IP Suspicious","Category":2,"Description":"Using Team Cymru Scout insights, determine if the input IP(s) is/are suspicious.","Priority":2,"Creator":"11f7964a-fbca-4a65-a00f-b0f3f2f2ed9e","VersionCreator":null,"VersionComment":null,"OriginalWorkflowIdentifier":"4596a6ef-12fc-47b2-aecc-803c4b830f3f","TemplateName":null,"PlaybookType":1,"IsDebugMode":false,"DebugBaseAlertIdentifier":"SUSPICIOUS PHISHING EMAIL_83E5BCF9-760F-45B4-B091-D72B5D683CCF","DebugAlertIdentifier":"SUSPICIOUS PHISHING EMAILA907FDCC-B4F2-447F-84EF-CBE6A0C9FD1B","SimulationClone":false,"DefaultAccessLevel":2,"Steps":[{"Identifier":"7911435d-1112-4e0e-b889-af05f221d752","OriginalStepIdentifier":"f2bfcff2-db7f-4896-9c5a-13a77c35bcaf","ParentWorkflowIdentifier":"7cd8a4ae-6fd0-42f1-af69-412154ec979f","ParentStepIdentifiers":[],"ParentStepIdentifier":"","PreviousResultCondition":"{}","InstanceName":"List IP Summary","IsAutomatic":true,"Name":"TeamCymruScout_List IP Summary","IsSkippable":false,"Description":"Returns the summary information available for the given list of IPs. It also allow to define the maximum number of valid IP addresses to be processed.","ActionProvider":"Scripts","ActionName":"TeamCymruScout_List IP Summary","Type":0,"Integration":"TeamCymruScout","Parameters":[{"ParentStepIdentifier":"7911435d-1112-4e0e-b889-af05f221d752","ParentWorkflowIdentifier":"7cd8a4ae-6fd0-42f1-af69-412154ec979f","Name":"AssignedUsers","Value":null},{"ParentStepIdentifier":"7911435d-1112-4e0e-b889-af05f221d752","ParentWorkflowIdentifier":"7cd8a4ae-6fd0-42f1-af69-412154ec979f","Name":"DynamicInjectionInstancePlaceholder","Value":""},{"ParentStepIdentifier":"7911435d-1112-4e0e-b889-af05f221d752","ParentWorkflowIdentifier":"7cd8a4ae-6fd0-42f1-af69-412154ec979f","Name":"FallbackIntegrationInstance","Value":null},{"ParentStepIdentifier":"7911435d-1112-4e0e-b889-af05f221d752","ParentWorkflowIdentifier":"7cd8a4ae-6fd0-42f1-af69-412154ec979f","Name":"FetchInstanceByName","Value":"false"},{"ParentStepIdentifier":"7911435d-1112-4e0e-b889-af05f221d752","ParentWorkflowIdentifier":"7cd8a4ae-6fd0-42f1-af69-412154ec979f","Name":"HasApprovalLink","Value":null},{"ParentStepIdentifier":"7911435d-1112-4e0e-b889-af05f221d752","ParentWorkflowIdentifier":"7cd8a4ae-6fd0-42f1-af69-412154ec979f","Name":"IntegrationInstance","Value":"AutomaticEnvironment"},{"ParentStepIdentifier":"7911435d-1112-4e0e-b889-af05f221d752","ParentWorkflowIdentifier":"7cd8a4ae-6fd0-42f1-af69-412154ec979f","Name":"MessageToAssignee","Value":null},{"ParentStepIdentifier":"7911435d-1112-4e0e-b889-af05f221d752","ParentWorkflowIdentifier":"7cd8a4ae-6fd0-42f1-af69-412154ec979f","Name":"PendingActionTimeout","Value":null},{"ParentStepIdentifier":"7911435d-1112-4e0e-b889-af05f221d752","ParentWorkflowIdentifier":"7cd8a4ae-6fd0-42f1-af69-412154ec979f","Name":"ScriptName","Value":"TeamCymruScout_List IP Summary"},{"ParentStepIdentifier":"7911435d-1112-4e0e-b889-af05f221d752","ParentWorkflowIdentifier":"7cd8a4ae-6fd0-42f1-af69-412154ec979f","Name":"ScriptParametersEntityFields","Value":"{\"IP Addresses\":\"[Input.IP Addresses]\",\"Limit\":\"10\"}"},{"ParentStepIdentifier":"7911435d-1112-4e0e-b889-af05f221d752","ParentWorkflowIdentifier":"7cd8a4ae-6fd0-42f1-af69-412154ec979f","Name":"SelectedScopeName","Value":"All entities"}],"AutoSkipOnFailure":false,"IsDebugMockData":false,"StepDebugData":{"CreationTimeUnixTimeInMs":0,"ModificationTimeUnixTimeInMs":0,"OriginalWorkflowIdentifier":"4596a6ef-12fc-47b2-aecc-803c4b830f3f","OriginalStepIdentifier":"f2bfcff2-db7f-4896-9c5a-13a77c35bcaf","ResultValue":"","ResultJson":"","ScopeEntitiesEnrichmentData":[],"ScopeEntitiesEnrichmentDataJson":"[]"},"ParentStepContainerId":null,"IsTouchedByAi":false,"ParallelActions":[]},{"Identifier":"ceb5169b-3c8f-4725-aafa-343345b6a1ef","OriginalStepIdentifier":"1ae65e1e-784c-412f-bea0-bf4c44e21d08","ParentWorkflowIdentifier":"7cd8a4ae-6fd0-42f1-af69-412154ec979f","ParentStepIdentifiers":["7911435d-1112-4e0e-b889-af05f221d752"],"ParentStepIdentifier":"7911435d-1112-4e0e-b889-af05f221d752","PreviousResultCondition":"{}","InstanceName":"Extract Overall Ratings","IsAutomatic":true,"Name":"Functions_Run JSONPath Query","IsSkippable":false,"Description":"The action runs an JSONPath Query on a given json and extracts values according to the expression.\nView https://github.com/h2non/jsonpath-ng for more information on JSONPath","ActionProvider":"Scripts","ActionName":"Functions_Run JSONPath Query","Type":0,"Integration":"Functions","Parameters":[{"ParentStepIdentifier":"ceb5169b-3c8f-4725-aafa-343345b6a1ef","ParentWorkflowIdentifier":"7cd8a4ae-6fd0-42f1-af69-412154ec979f","Name":"AssignedUsers","Value":null},{"ParentStepIdentifier":"ceb5169b-3c8f-4725-aafa-343345b6a1ef","ParentWorkflowIdentifier":"7cd8a4ae-6fd0-42f1-af69-412154ec979f","Name":"DynamicInjectionInstancePlaceholder","Value":""},{"ParentStepIdentifier":"ceb5169b-3c8f-4725-aafa-343345b6a1ef","ParentWorkflowIdentifier":"7cd8a4ae-6fd0-42f1-af69-412154ec979f","Name":"FallbackIntegrationInstance","Value":null},{"ParentStepIdentifier":"ceb5169b-3c8f-4725-aafa-343345b6a1ef","ParentWorkflowIdentifier":"7cd8a4ae-6fd0-42f1-af69-412154ec979f","Name":"FetchInstanceByName","Value":"false"},{"ParentStepIdentifier":"ceb5169b-3c8f-4725-aafa-343345b6a1ef","ParentWorkflowIdentifier":"7cd8a4ae-6fd0-42f1-af69-412154ec979f","Name":"HasApprovalLink","Value":null},{"ParentStepIdentifier":"ceb5169b-3c8f-4725-aafa-343345b6a1ef","ParentWorkflowIdentifier":"7cd8a4ae-6fd0-42f1-af69-412154ec979f","Name":"IntegrationInstance","Value":"AutomaticEnvironment"},{"ParentStepIdentifier":"ceb5169b-3c8f-4725-aafa-343345b6a1ef","ParentWorkflowIdentifier":"7cd8a4ae-6fd0-42f1-af69-412154ec979f","Name":"MessageToAssignee","Value":null},{"ParentStepIdentifier":"ceb5169b-3c8f-4725-aafa-343345b6a1ef","ParentWorkflowIdentifier":"7cd8a4ae-6fd0-42f1-af69-412154ec979f","Name":"PendingActionTimeout","Value":null},{"ParentStepIdentifier":"ceb5169b-3c8f-4725-aafa-343345b6a1ef","ParentWorkflowIdentifier":"7cd8a4ae-6fd0-42f1-af69-412154ec979f","Name":"ScriptName","Value":"Functions_Run JSONPath Query"},{"ParentStepIdentifier":"ceb5169b-3c8f-4725-aafa-343345b6a1ef","ParentWorkflowIdentifier":"7cd8a4ae-6fd0-42f1-af69-412154ec979f","Name":"ScriptParametersEntityFields","Value":"{\"Json\":\"[List IP Summary.JsonResult]\",\"JSONPath Expression\":\"$..insights.overall_rating\"}"},{"ParentStepIdentifier":"ceb5169b-3c8f-4725-aafa-343345b6a1ef","ParentWorkflowIdentifier":"7cd8a4ae-6fd0-42f1-af69-412154ec979f","Name":"SelectedScopeName","Value":"All entities"}],"AutoSkipOnFailure":false,"IsDebugMockData":false,"StepDebugData":null,"ParentStepContainerId":null,"IsTouchedByAi":false,"ParallelActions":[]},{"Identifier":"d30c6d61-1d53-45e9-bd38-818e7a647106","OriginalStepIdentifier":"9bd4f793-ef1a-4787-89ae-9b4a52066e0f","ParentWorkflowIdentifier":"7cd8a4ae-6fd0-42f1-af69-412154ec979f","ParentStepIdentifiers":["ceb5169b-3c8f-4725-aafa-343345b6a1ef"],"ParentStepIdentifier":"ceb5169b-3c8f-4725-aafa-343345b6a1ef","PreviousResultCondition":"{}","InstanceName":"Is IP Suspicious ?","IsAutomatic":true,"Name":"Condition","IsSkippable":false,"Description":"This condition determines the progress of the playbook. Conditions are built based on cases data (cases, alerts, vents, entities and environment properties) as-well as data that comes back from previous playbook steps.","ActionProvider":"Flow","ActionName":"IfFlowCondition","Type":4,"Integration":"Flow","Parameters":[{"ParentStepIdentifier":"d30c6d61-1d53-45e9-bd38-818e7a647106","ParentWorkflowIdentifier":"7cd8a4ae-6fd0-42f1-af69-412154ec979f","Name":"AssignedUsers","Value":null},{"ParentStepIdentifier":"d30c6d61-1d53-45e9-bd38-818e7a647106","ParentWorkflowIdentifier":"7cd8a4ae-6fd0-42f1-af69-412154ec979f","Name":"Branches","Value":"[{\"LogicalOperator\":1,\"Conditions\":[{\"Operator\":0,\"FieldName\":\"[Extract Overall Ratings.JsonResult| \\\"matches\\\" | first(1)]\",\"Type\":2,\"Value\":\"suspicious\"},{\"Operator\":0,\"FieldName\":\"[Extract Overall Ratings.JsonResult| \\\"matches\\\" | first(1)]\",\"Type\":2,\"Value\":\"malicious\"}],\"Order\":1,\"IsDefaultBranch\":false,\"Name\":\"Branch\"},{\"LogicalOperator\":0,\"Conditions\":[],\"Order\":2,\"IsDefaultBranch\":true,\"Name\":\"Branch\"}]"},{"ParentStepIdentifier":"d30c6d61-1d53-45e9-bd38-818e7a647106","ParentWorkflowIdentifier":"7cd8a4ae-6fd0-42f1-af69-412154ec979f","Name":"DynamicInjectionInstancePlaceholder","Value":null},{"ParentStepIdentifier":"d30c6d61-1d53-45e9-bd38-818e7a647106","ParentWorkflowIdentifier":"7cd8a4ae-6fd0-42f1-af69-412154ec979f","Name":"ErrorFallbackBranch","Value":null},{"ParentStepIdentifier":"d30c6d61-1d53-45e9-bd38-818e7a647106","ParentWorkflowIdentifier":"7cd8a4ae-6fd0-42f1-af69-412154ec979f","Name":"FetchInstanceByName","Value":null},{"ParentStepIdentifier":"d30c6d61-1d53-45e9-bd38-818e7a647106","ParentWorkflowIdentifier":"7cd8a4ae-6fd0-42f1-af69-412154ec979f","Name":"HasApprovalLink","Value":null},{"ParentStepIdentifier":"d30c6d61-1d53-45e9-bd38-818e7a647106","ParentWorkflowIdentifier":"7cd8a4ae-6fd0-42f1-af69-412154ec979f","Name":"MessageToAssignee","Value":null},{"ParentStepIdentifier":"d30c6d61-1d53-45e9-bd38-818e7a647106","ParentWorkflowIdentifier":"7cd8a4ae-6fd0-42f1-af69-412154ec979f","Name":"PendingActionTimeout","Value":null},{"ParentStepIdentifier":"d30c6d61-1d53-45e9-bd38-818e7a647106","ParentWorkflowIdentifier":"7cd8a4ae-6fd0-42f1-af69-412154ec979f","Name":"SelectedScopeName","Value":"All IP addresses"}],"AutoSkipOnFailure":false,"IsDebugMockData":false,"StepDebugData":null,"ParentStepContainerId":null,"IsTouchedByAi":false,"ParallelActions":[]},{"Identifier":"ee2af478-89e4-4eab-bb58-4c11a00cb09b","OriginalStepIdentifier":"ce271c86-33b4-47fb-b69d-b3514c4ab786","ParentWorkflowIdentifier":"7cd8a4ae-6fd0-42f1-af69-412154ec979f","ParentStepIdentifiers":["d30c6d61-1d53-45e9-bd38-818e7a647106"],"ParentStepIdentifier":"d30c6d61-1d53-45e9-bd38-818e7a647106","PreviousResultCondition":"{\"d30c6d61-1d53-45e9-bd38-818e7a647106\":\"1\"}","InstanceName":"Output_1","IsAutomatic":true,"Name":"Output","IsSkippable":false,"Description":"","ActionProvider":"Flow","ActionName":"OutputAction","Type":6,"Integration":"Flow","Parameters":[{"ParentStepIdentifier":"ee2af478-89e4-4eab-bb58-4c11a00cb09b","ParentWorkflowIdentifier":"7cd8a4ae-6fd0-42f1-af69-412154ec979f","Name":"NestedWorkflowOutput","Value":"true"}],"AutoSkipOnFailure":false,"IsDebugMockData":false,"StepDebugData":null,"ParentStepContainerId":null,"IsTouchedByAi":false,"ParallelActions":[]},{"Identifier":"f975e84d-c33f-47ca-a803-2918510b69da","OriginalStepIdentifier":"2f0d314b-8318-40ee-a8a0-696860995a9b","ParentWorkflowIdentifier":"7cd8a4ae-6fd0-42f1-af69-412154ec979f","ParentStepIdentifiers":["d30c6d61-1d53-45e9-bd38-818e7a647106"],"ParentStepIdentifier":"d30c6d61-1d53-45e9-bd38-818e7a647106","PreviousResultCondition":"{\"d30c6d61-1d53-45e9-bd38-818e7a647106\":\"2\"}","InstanceName":"Output_2","IsAutomatic":true,"Name":"Output","IsSkippable":false,"Description":"","ActionProvider":"Flow","ActionName":"OutputAction","Type":6,"Integration":"Flow","Parameters":[{"ParentStepIdentifier":"f975e84d-c33f-47ca-a803-2918510b69da","ParentWorkflowIdentifier":"7cd8a4ae-6fd0-42f1-af69-412154ec979f","Name":"NestedWorkflowOutput","Value":"false"}],"AutoSkipOnFailure":false,"IsDebugMockData":false,"StepDebugData":null,"ParentStepContainerId":null,"IsTouchedByAi":false,"ParallelActions":[]}],"Triggers":[{"Identifier":"7af073c6-188b-497b-841e-26201f3d9313","IsEnabled":true,"DefinitionIdentifier":"7cd8a4ae-6fd0-42f1-af69-412154ec979f","Type":11,"WorkflowName":null,"LogicalOperator":0,"Conditions":[{"FieldName":"IP Addresses","MatchType":0,"Value":"1.1.1.1"}],"Environments":["*"]}],"OverviewTemplates":[],"Permissions":[],"Environments":["*"]}}