{"CategoryName":"Team Cymru Use Cases","OverviewTemplatesDetails":[{"OverviewTemplate":{"Identifier":"0ed92773-8a0b-46ac-bfc7-8a7f69a1cc6a","Name":"Team Cymru Playbook","Creator":null,"PlaybookDefinitionIdentifier":"9558f670-bf26-4a7d-8d78-e19657808b95","Type":0,"AlertRuleType":null,"Roles":[],"Widgets":[{"Title":"Enriched IPs - Team Cymru","Description":"Details of the IP address entities fetched from Team Cymru Scout in JSON format","Identifier":"e66a0e64-3254-479d-bd0b-6203d7259e4a","Order":1,"TemplateIdentifier":"0ed92773-8a0b-46ac-bfc7-8a7f69a1cc6a","Type":2,"DataDefinitionJson":"{\n  \"dataSource\": \"[Enrich IPs.JsonResult]\",\n  \"jsonSample\": null,\n  \"type\": 2,\n  \"widgetDefinitionScope\": 2\n}","GridColumns":1,"ActionWidgetTemplateIdentifier":null,"StepIdentifier":null,"StepIntegration":null,"BlockStepIdentifier":null,"BlockStepInstanceName":null,"PresentIfEmpty":false,"ConditionsGroup":{"Conditions":[],"LogicalOperator":0},"IntegrationName":""},{"Title":"Entities Highlights","Description":"This widget displays the highlighted fields for each entity.","Identifier":"2a0c59bc-12cc-44e3-9391-048f9b4b803f","Order":2,"TemplateIdentifier":"0ed92773-8a0b-46ac-bfc7-8a7f69a1cc6a","Type":10,"DataDefinitionJson":"{\n  \"highlightFieldConfigs\": [],\n  \"targetScope\": 0,\n  \"type\": 10,\n  \"widgetDefinitionScope\": 2\n}","GridColumns":1,"ActionWidgetTemplateIdentifier":null,"StepIdentifier":null,"StepIntegration":null,"BlockStepIdentifier":null,"BlockStepInstanceName":null,"PresentIfEmpty":false,"ConditionsGroup":{"Conditions":[],"LogicalOperator":0},"IntegrationName":""},{"Title":"Enriched IPs","Description":"Ratings and last enriched time of each IP entity enriched by TeamCymruScout integration, displayed in tabular format.","Identifier":"498bba0a-8e85-43e3-bca9-07e18958ea5f","Order":3,"TemplateIdentifier":"0ed92773-8a0b-46ac-bfc7-8a7f69a1cc6a","Type":3,"DataDefinitionJson":"{\n  \"htmlContent\": \"<!DOCTYPE html>\\n<html>\\n\\n<link href=\\\"https://fonts.googleapis.com/css?family=Open+Sans:400,400i,700,700i\\\" rel=\\\"stylesheet\\\">\\n<link href='https://fonts.googleapis.com/css?family=Roboto' rel='stylesheet'>\\n<link href='https://www.siemplify.co/wp-content/themes/siemplify/assets/fonts/stylesheet.css?version=99601167404751' rel='stylesheet'>\\n<style>\\n.cardContainer{\\n\\tfloat:left;\\n    width: 100%;\\n    max-width: 100%;\\n    min-height: 240px;\\n\\talign-items: center;\\n\\tbackground: #FFFFFF;\\n\\t/*padding: 20px;\\n\\tborder: 1px solid #D3D8EA;\\n\\tbox-shadow: -10px 10px 14px rgba(211, 216, 234, 0.4);\\n\\tborder-radius: 4px;\\t*/\\n}\\n.tableData{\\n\\tflex-direction: row;\\n\\tjustify-content: center;\\n\\talign-items: center;\\n\\tbackground: #FFFFFF;\\n\\twidth:100%\\n}\\n.tableData th{\\n\\tbackground: #FCFA9E;\\n\\tfont-family: Open Sans;\\n\\tfont-style: normal;\\n\\tfont-weight: bold;\\n\\tfont-size: 12px;\\n\\tline-height: 108.95%;\\n\\talign-items: center;\\n\\tcolor: #767112;\\n\\theight: 40px;\\n\\tmin-width: 60px;\\n\\tborder-bottom: 1px solid #B1AC2F;\\n\\ttext-align:left;\\n\\tpadding: 0 10px;\\n}\\n.tableData td{\\n\\tfont-family: Open Sans;\\n\\tfont-style: normal;\\n\\tfont-size: 12px;\\n\\tline-height: 135%;\\n\\talign-items: center;\\n\\tcolor: #4E4F63;\\n\\tmargin: 0px 10px;\\n\\theight: 40px;\\n\\tmin-width: 60px;\\n\\tborder-bottom: 1px solid #D3D8EA;\\n\\tpadding: 0 10px;\\n\\ttext-transform: capitalize;\\n}\\n</style>\\n<head>\\n</head>\\n<body>\\n\\n<div class=\\\"cardContainer\\\">\\n\\t<table class=\\\"tableData\\\" cellspacing=\\\"0\\\" cellpadding=\\\"0\\\">\\n\\t\\t<tr>\\n\\t\\t\\t<th>IP</th>\\n\\t\\t\\t<th>Rating</th>\\n            <th>Last Enriched At</th>\\n\\t\\t</tr>\\n\\t</table>\\n</div>\\n\\n<script src=\\\"https://code.jquery.com/jquery-3.5.1.min.js\\\"></script>\\n<script>\\n$(document).ready(function(){\\n    var enrichedData = [Enrich IPs.JsonResult];\\n    var data = [];\\n    Object.keys(enrichedData).forEach(key => {\\n        rating = enrichedData[key][\\\"insights\\\"][\\\"overall_rating\\\"];\\n        data.push({\\\"ip\\\": key, \\\"rating\\\": rating}) \\n    })\\n    \\n    var last_enriched = \\\"[Entity.TCS_last_enriched]\\\".split(\\\",\\\");\\n\\n    var tableData = {\\n        \\\"items\\\": data.map((datum, index) => {\\n            return {...datum, \\\"last_enriched\\\": last_enriched[index]}\\n        })\\n    }\\n\\n\\tvar strData = JSON.stringify(tableData);\\n\\tvar result = JSON.parse(strData);\\n\\n\\tvar dataList = '';\\n\\t$.each(result.items, function(k, v) {\\n\\t\\tdataList+='<tr>';\\n\\t\\t$.each(v, function(l, d) {\\n\\t\\t\\tdataList+='<td>'+d+'</td>';\\n\\t\\t});\\n\\t\\tdataList+='</tr>';\\n\\t});\\n\\t\\n\\t$(\\\"table.tableData\\\").append( dataList );\\n});\\n</script>\\n</body>\\n</html>\",\n  \"htmlHeight\": 425,\n  \"safeRendering\": false,\n  \"type\": 3,\n  \"widgetDefinitionScope\": 2\n}","GridColumns":2,"ActionWidgetTemplateIdentifier":null,"StepIdentifier":null,"StepIntegration":null,"BlockStepIdentifier":null,"BlockStepInstanceName":null,"PresentIfEmpty":false,"ConditionsGroup":{"Conditions":[],"LogicalOperator":0},"IntegrationName":""}]},"Roles":["Administrator"]}],"WidgetTemplates":[{"Title":"Enriched IPs - Team Cymru","Description":"Details of the IP address entities fetched from Team Cymru Scout in JSON format","Identifier":"e66a0e64-3254-479d-bd0b-6203d7259e4a","Order":1,"TemplateIdentifier":"0ed92773-8a0b-46ac-bfc7-8a7f69a1cc6a","Type":2,"DataDefinitionJson":"{\n  \"dataSource\": \"[Enrich IPs.JsonResult]\",\n  \"jsonSample\": null,\n  \"type\": 2,\n  \"widgetDefinitionScope\": 2\n}","GridColumns":1,"ActionWidgetTemplateIdentifier":null,"StepIdentifier":null,"StepIntegration":null,"BlockStepIdentifier":null,"BlockStepInstanceName":null,"PresentIfEmpty":false,"ConditionsGroup":{"Conditions":[],"LogicalOperator":0},"IntegrationName":""},{"Title":"Entities Highlights","Description":"This widget displays the highlighted fields for each entity.","Identifier":"2a0c59bc-12cc-44e3-9391-048f9b4b803f","Order":2,"TemplateIdentifier":"0ed92773-8a0b-46ac-bfc7-8a7f69a1cc6a","Type":10,"DataDefinitionJson":"{\n  \"highlightFieldConfigs\": [],\n  \"targetScope\": 0,\n  \"type\": 10,\n  \"widgetDefinitionScope\": 2\n}","GridColumns":1,"ActionWidgetTemplateIdentifier":null,"StepIdentifier":null,"StepIntegration":null,"BlockStepIdentifier":null,"BlockStepInstanceName":null,"PresentIfEmpty":false,"ConditionsGroup":{"Conditions":[],"LogicalOperator":0},"IntegrationName":""},{"Title":"Enriched IPs","Description":"Ratings and last enriched time of each IP entity enriched by TeamCymruScout integration, displayed in tabular format.","Identifier":"498bba0a-8e85-43e3-bca9-07e18958ea5f","Order":3,"TemplateIdentifier":"0ed92773-8a0b-46ac-bfc7-8a7f69a1cc6a","Type":3,"DataDefinitionJson":"{\n  \"htmlContent\": \"<!DOCTYPE html>\\n<html>\\n\\n<link href=\\\"https://fonts.googleapis.com/css?family=Open+Sans:400,400i,700,700i\\\" rel=\\\"stylesheet\\\">\\n<link href='https://fonts.googleapis.com/css?family=Roboto' rel='stylesheet'>\\n<link href='https://www.siemplify.co/wp-content/themes/siemplify/assets/fonts/stylesheet.css?version=99601167404751' rel='stylesheet'>\\n<style>\\n.cardContainer{\\n\\tfloat:left;\\n    width: 100%;\\n    max-width: 100%;\\n    min-height: 240px;\\n\\talign-items: center;\\n\\tbackground: #FFFFFF;\\n\\t/*padding: 20px;\\n\\tborder: 1px solid #D3D8EA;\\n\\tbox-shadow: -10px 10px 14px rgba(211, 216, 234, 0.4);\\n\\tborder-radius: 4px;\\t*/\\n}\\n.tableData{\\n\\tflex-direction: row;\\n\\tjustify-content: center;\\n\\talign-items: center;\\n\\tbackground: #FFFFFF;\\n\\twidth:100%\\n}\\n.tableData th{\\n\\tbackground: #FCFA9E;\\n\\tfont-family: Open Sans;\\n\\tfont-style: normal;\\n\\tfont-weight: bold;\\n\\tfont-size: 12px;\\n\\tline-height: 108.95%;\\n\\talign-items: center;\\n\\tcolor: #767112;\\n\\theight: 40px;\\n\\tmin-width: 60px;\\n\\tborder-bottom: 1px solid #B1AC2F;\\n\\ttext-align:left;\\n\\tpadding: 0 10px;\\n}\\n.tableData td{\\n\\tfont-family: Open Sans;\\n\\tfont-style: normal;\\n\\tfont-size: 12px;\\n\\tline-height: 135%;\\n\\talign-items: center;\\n\\tcolor: #4E4F63;\\n\\tmargin: 0px 10px;\\n\\theight: 40px;\\n\\tmin-width: 60px;\\n\\tborder-bottom: 1px solid #D3D8EA;\\n\\tpadding: 0 10px;\\n\\ttext-transform: capitalize;\\n}\\n</style>\\n<head>\\n</head>\\n<body>\\n\\n<div class=\\\"cardContainer\\\">\\n\\t<table class=\\\"tableData\\\" cellspacing=\\\"0\\\" cellpadding=\\\"0\\\">\\n\\t\\t<tr>\\n\\t\\t\\t<th>IP</th>\\n\\t\\t\\t<th>Rating</th>\\n            <th>Last Enriched At</th>\\n\\t\\t</tr>\\n\\t</table>\\n</div>\\n\\n<script src=\\\"https://code.jquery.com/jquery-3.5.1.min.js\\\"></script>\\n<script>\\n$(document).ready(function(){\\n    var enrichedData = [Enrich IPs.JsonResult];\\n    var data = [];\\n    Object.keys(enrichedData).forEach(key => {\\n        rating = enrichedData[key][\\\"insights\\\"][\\\"overall_rating\\\"];\\n        data.push({\\\"ip\\\": key, \\\"rating\\\": rating}) \\n    })\\n    \\n    var last_enriched = \\\"[Entity.TCS_last_enriched]\\\".split(\\\",\\\");\\n\\n    var tableData = {\\n        \\\"items\\\": data.map((datum, index) => {\\n            return {...datum, \\\"last_enriched\\\": last_enriched[index]}\\n        })\\n    }\\n\\n\\tvar strData = JSON.stringify(tableData);\\n\\tvar result = JSON.parse(strData);\\n\\n\\tvar dataList = '';\\n\\t$.each(result.items, function(k, v) {\\n\\t\\tdataList+='<tr>';\\n\\t\\t$.each(v, function(l, d) {\\n\\t\\t\\tdataList+='<td>'+d+'</td>';\\n\\t\\t});\\n\\t\\tdataList+='</tr>';\\n\\t});\\n\\t\\n\\t$(\\\"table.tableData\\\").append( dataList );\\n});\\n</script>\\n</body>\\n</html>\",\n  \"htmlHeight\": 425,\n  \"safeRendering\": false,\n  \"type\": 3,\n  \"widgetDefinitionScope\": 2\n}","GridColumns":2,"ActionWidgetTemplateIdentifier":null,"StepIdentifier":null,"StepIntegration":null,"BlockStepIdentifier":null,"BlockStepInstanceName":null,"PresentIfEmpty":false,"ConditionsGroup":{"Conditions":[],"LogicalOperator":0},"IntegrationName":""}],"Definition":{"Identifier":"9558f670-bf26-4a7d-8d78-e19657808b95","IsEnable":false,"Version":0.0,"IsArchived":false,"IsAutomatic":true,"Name":"Playbook with Views","Category":2,"Description":"This playbook enriches the IP-address entities present in the alert with Team Cymru Scout data and generates widgets on Alert overview page. ","Priority":2,"Creator":"11f7964a-fbca-4a65-a00f-b0f3f2f2ed9e","VersionCreator":null,"VersionComment":null,"OriginalWorkflowIdentifier":"75921d25-0b13-46ab-a4e6-5b3fa1341453","TemplateName":null,"PlaybookType":0,"IsDebugMode":false,"DebugBaseAlertIdentifier":"VIRUS FOUND OR SECURITY RISK FOUND:_2B6774F0-48D1-4705-A0F3-08BCE360BA30","DebugAlertIdentifier":"VIRUS FOUND OR SECURITY RISK FOUND:C4CEFC1A-79E7-4CCB-A4BD-5CC5C7CB196F","SimulationClone":false,"DefaultAccessLevel":2,"Steps":[{"Identifier":"9bc661df-0879-4f7f-afe5-73dc72441b65","OriginalStepIdentifier":"289225bd-1b3d-42d4-b894-383905040f96","ParentWorkflowIdentifier":"9558f670-bf26-4a7d-8d78-e19657808b95","ParentStepIdentifiers":[],"ParentStepIdentifier":"","PreviousResultCondition":null,"InstanceName":"Enrich IPs","IsAutomatic":true,"Name":"TeamCymruScout_Enrich IPs","IsSkippable":false,"Description":"Enriches the IP Address Entities from the information available in Team Cymru Scout platform.","ActionProvider":"Scripts","ActionName":"TeamCymruScout_Enrich IPs","Type":0,"Integration":"TeamCymruScout","Parameters":[{"ParentStepIdentifier":"9bc661df-0879-4f7f-afe5-73dc72441b65","ParentWorkflowIdentifier":"9558f670-bf26-4a7d-8d78-e19657808b95","Name":"AssignedUsers","Value":null},{"ParentStepIdentifier":"9bc661df-0879-4f7f-afe5-73dc72441b65","ParentWorkflowIdentifier":"9558f670-bf26-4a7d-8d78-e19657808b95","Name":"DynamicInjectionInstancePlaceholder","Value":""},{"ParentStepIdentifier":"9bc661df-0879-4f7f-afe5-73dc72441b65","ParentWorkflowIdentifier":"9558f670-bf26-4a7d-8d78-e19657808b95","Name":"FallbackIntegrationInstance","Value":null},{"ParentStepIdentifier":"9bc661df-0879-4f7f-afe5-73dc72441b65","ParentWorkflowIdentifier":"9558f670-bf26-4a7d-8d78-e19657808b95","Name":"FetchInstanceByName","Value":"false"},{"ParentStepIdentifier":"9bc661df-0879-4f7f-afe5-73dc72441b65","ParentWorkflowIdentifier":"9558f670-bf26-4a7d-8d78-e19657808b95","Name":"HasApprovalLink","Value":null},{"ParentStepIdentifier":"9bc661df-0879-4f7f-afe5-73dc72441b65","ParentWorkflowIdentifier":"9558f670-bf26-4a7d-8d78-e19657808b95","Name":"IntegrationInstance","Value":"AutomaticEnvironment"},{"ParentStepIdentifier":"9bc661df-0879-4f7f-afe5-73dc72441b65","ParentWorkflowIdentifier":"9558f670-bf26-4a7d-8d78-e19657808b95","Name":"MessageToAssignee","Value":null},{"ParentStepIdentifier":"9bc661df-0879-4f7f-afe5-73dc72441b65","ParentWorkflowIdentifier":"9558f670-bf26-4a7d-8d78-e19657808b95","Name":"PendingActionTimeout","Value":null},{"ParentStepIdentifier":"9bc661df-0879-4f7f-afe5-73dc72441b65","ParentWorkflowIdentifier":"9558f670-bf26-4a7d-8d78-e19657808b95","Name":"ScriptName","Value":"TeamCymruScout_Enrich IPs"},{"ParentStepIdentifier":"9bc661df-0879-4f7f-afe5-73dc72441b65","ParentWorkflowIdentifier":"9558f670-bf26-4a7d-8d78-e19657808b95","Name":"ScriptParametersEntityFields","Value":"{}"},{"ParentStepIdentifier":"9bc661df-0879-4f7f-afe5-73dc72441b65","ParentWorkflowIdentifier":"9558f670-bf26-4a7d-8d78-e19657808b95","Name":"SelectedScopeName","Value":"All IP addresses"}],"AutoSkipOnFailure":false,"IsDebugMockData":false,"StepDebugData":null,"ParentStepContainerId":null,"IsTouchedByAi":false,"ParallelActions":[]}],"Triggers":[{"Identifier":"b48d62f7-e320-4352-9c06-081728030888","IsEnabled":false,"DefinitionIdentifier":"9558f670-bf26-4a7d-8d78-e19657808b95","Type":8,"WorkflowName":null,"LogicalOperator":0,"Conditions":[{"FieldName":"","MatchType":0,"Value":""}],"Environments":["*"]}],"OverviewTemplates":[{"Identifier":"0ed92773-8a0b-46ac-bfc7-8a7f69a1cc6a","Name":"Team Cymru Playbook","Creator":null,"PlaybookDefinitionIdentifier":"9558f670-bf26-4a7d-8d78-e19657808b95","Type":0,"AlertRuleType":null,"Roles":[],"Widgets":[{"Title":"Enriched IPs - Team Cymru","Description":"Details of the IP address entities fetched from Team Cymru Scout in JSON format","Identifier":"e66a0e64-3254-479d-bd0b-6203d7259e4a","Order":1,"TemplateIdentifier":"0ed92773-8a0b-46ac-bfc7-8a7f69a1cc6a","Type":2,"DataDefinitionJson":"{\n  \"dataSource\": \"[Enrich IPs.JsonResult]\",\n  \"jsonSample\": null,\n  \"type\": 2,\n  \"widgetDefinitionScope\": 2\n}","GridColumns":1,"ActionWidgetTemplateIdentifier":null,"StepIdentifier":null,"StepIntegration":null,"BlockStepIdentifier":null,"BlockStepInstanceName":null,"PresentIfEmpty":false,"ConditionsGroup":{"Conditions":[],"LogicalOperator":0},"IntegrationName":""},{"Title":"Entities Highlights","Description":"This widget displays the highlighted fields for each entity.","Identifier":"2a0c59bc-12cc-44e3-9391-048f9b4b803f","Order":2,"TemplateIdentifier":"0ed92773-8a0b-46ac-bfc7-8a7f69a1cc6a","Type":10,"DataDefinitionJson":"{\n  \"highlightFieldConfigs\": [],\n  \"targetScope\": 0,\n  \"type\": 10,\n  \"widgetDefinitionScope\": 2\n}","GridColumns":1,"ActionWidgetTemplateIdentifier":null,"StepIdentifier":null,"StepIntegration":null,"BlockStepIdentifier":null,"BlockStepInstanceName":null,"PresentIfEmpty":false,"ConditionsGroup":{"Conditions":[],"LogicalOperator":0},"IntegrationName":""},{"Title":"Enriched IPs","Description":"Ratings and last enriched time of each IP entity enriched by TeamCymruScout integration, displayed in tabular format.","Identifier":"498bba0a-8e85-43e3-bca9-07e18958ea5f","Order":3,"TemplateIdentifier":"0ed92773-8a0b-46ac-bfc7-8a7f69a1cc6a","Type":3,"DataDefinitionJson":"{\n  \"htmlContent\": \"<!DOCTYPE html>\\n<html>\\n\\n<link href=\\\"https://fonts.googleapis.com/css?family=Open+Sans:400,400i,700,700i\\\" rel=\\\"stylesheet\\\">\\n<link href='https://fonts.googleapis.com/css?family=Roboto' rel='stylesheet'>\\n<link href='https://www.siemplify.co/wp-content/themes/siemplify/assets/fonts/stylesheet.css?version=99601167404751' rel='stylesheet'>\\n<style>\\n.cardContainer{\\n\\tfloat:left;\\n    width: 100%;\\n    max-width: 100%;\\n    min-height: 240px;\\n\\talign-items: center;\\n\\tbackground: #FFFFFF;\\n\\t/*padding: 20px;\\n\\tborder: 1px solid #D3D8EA;\\n\\tbox-shadow: -10px 10px 14px rgba(211, 216, 234, 0.4);\\n\\tborder-radius: 4px;\\t*/\\n}\\n.tableData{\\n\\tflex-direction: row;\\n\\tjustify-content: center;\\n\\talign-items: center;\\n\\tbackground: #FFFFFF;\\n\\twidth:100%\\n}\\n.tableData th{\\n\\tbackground: #FCFA9E;\\n\\tfont-family: Open Sans;\\n\\tfont-style: normal;\\n\\tfont-weight: bold;\\n\\tfont-size: 12px;\\n\\tline-height: 108.95%;\\n\\talign-items: center;\\n\\tcolor: #767112;\\n\\theight: 40px;\\n\\tmin-width: 60px;\\n\\tborder-bottom: 1px solid #B1AC2F;\\n\\ttext-align:left;\\n\\tpadding: 0 10px;\\n}\\n.tableData td{\\n\\tfont-family: Open Sans;\\n\\tfont-style: normal;\\n\\tfont-size: 12px;\\n\\tline-height: 135%;\\n\\talign-items: center;\\n\\tcolor: #4E4F63;\\n\\tmargin: 0px 10px;\\n\\theight: 40px;\\n\\tmin-width: 60px;\\n\\tborder-bottom: 1px solid #D3D8EA;\\n\\tpadding: 0 10px;\\n\\ttext-transform: capitalize;\\n}\\n</style>\\n<head>\\n</head>\\n<body>\\n\\n<div class=\\\"cardContainer\\\">\\n\\t<table class=\\\"tableData\\\" cellspacing=\\\"0\\\" cellpadding=\\\"0\\\">\\n\\t\\t<tr>\\n\\t\\t\\t<th>IP</th>\\n\\t\\t\\t<th>Rating</th>\\n            <th>Last Enriched At</th>\\n\\t\\t</tr>\\n\\t</table>\\n</div>\\n\\n<script src=\\\"https://code.jquery.com/jquery-3.5.1.min.js\\\"></script>\\n<script>\\n$(document).ready(function(){\\n    var enrichedData = [Enrich IPs.JsonResult];\\n    var data = [];\\n    Object.keys(enrichedData).forEach(key => {\\n        rating = enrichedData[key][\\\"insights\\\"][\\\"overall_rating\\\"];\\n        data.push({\\\"ip\\\": key, \\\"rating\\\": rating}) \\n    })\\n    \\n    var last_enriched = \\\"[Entity.TCS_last_enriched]\\\".split(\\\",\\\");\\n\\n    var tableData = {\\n        \\\"items\\\": data.map((datum, index) => {\\n            return {...datum, \\\"last_enriched\\\": last_enriched[index]}\\n        })\\n    }\\n\\n\\tvar strData = JSON.stringify(tableData);\\n\\tvar result = JSON.parse(strData);\\n\\n\\tvar dataList = '';\\n\\t$.each(result.items, function(k, v) {\\n\\t\\tdataList+='<tr>';\\n\\t\\t$.each(v, function(l, d) {\\n\\t\\t\\tdataList+='<td>'+d+'</td>';\\n\\t\\t});\\n\\t\\tdataList+='</tr>';\\n\\t});\\n\\t\\n\\t$(\\\"table.tableData\\\").append( dataList );\\n});\\n</script>\\n</body>\\n</html>\",\n  \"htmlHeight\": 425,\n  \"safeRendering\": false,\n  \"type\": 3,\n  \"widgetDefinitionScope\": 2\n}","GridColumns":2,"ActionWidgetTemplateIdentifier":null,"StepIdentifier":null,"StepIntegration":null,"BlockStepIdentifier":null,"BlockStepInstanceName":null,"PresentIfEmpty":false,"ConditionsGroup":{"Conditions":[],"LogicalOperator":0},"IntegrationName":""}]}],"Permissions":[],"Environments":["*"]}}