{"CategoryName":"Team Cymru Use Cases","OverviewTemplatesDetails":[],"WidgetTemplates":[],"Definition":{"Identifier":"be77845b-fb68-43e6-95ad-4fe1f11bfe56","IsEnable":true,"Version":0.0,"IsArchived":false,"IsAutomatic":true,"Name":"Is IP Suspicious","Category":2,"Description":"Using Team Cymru Scout insights, determine if the input IP(s) is/are suspicious.","Priority":2,"Creator":"11f7964a-fbca-4a65-a00f-b0f3f2f2ed9e","VersionCreator":null,"VersionComment":null,"OriginalWorkflowIdentifier":"4596a6ef-12fc-47b2-aecc-803c4b830f3f","TemplateName":null,"PlaybookType":1,"IsDebugMode":false,"DebugBaseAlertIdentifier":"SUSPICIOUS PHISHING EMAIL_83E5BCF9-760F-45B4-B091-D72B5D683CCF","DebugAlertIdentifier":"SUSPICIOUS PHISHING EMAILA907FDCC-B4F2-447F-84EF-CBE6A0C9FD1B","SimulationClone":false,"DefaultAccessLevel":2,"Steps":[{"Identifier":"0e6504c0-5236-41cb-8d34-a11af4c7af38","OriginalStepIdentifier":"2f0d314b-8318-40ee-a8a0-696860995a9b","ParentWorkflowIdentifier":"be77845b-fb68-43e6-95ad-4fe1f11bfe56","ParentStepIdentifiers":["6ac703e7-6440-4ae4-b53b-bcf5cb7a3e9d"],"ParentStepIdentifier":"6ac703e7-6440-4ae4-b53b-bcf5cb7a3e9d","PreviousResultCondition":"{\n  \"6ac703e7-6440-4ae4-b53b-bcf5cb7a3e9d\": \"2\"\n}","InstanceName":"Output_2","IsAutomatic":true,"Name":"Output","IsSkippable":false,"Description":"","ActionProvider":"Flow","ActionName":"OutputAction","Type":6,"Integration":"Flow","Parameters":[{"ParentStepIdentifier":"0e6504c0-5236-41cb-8d34-a11af4c7af38","ParentWorkflowIdentifier":"be77845b-fb68-43e6-95ad-4fe1f11bfe56","Name":"NestedWorkflowOutput","Value":"false"}],"AutoSkipOnFailure":false,"IsDebugMockData":false,"StepDebugData":null,"ParentStepContainerId":null,"IsTouchedByAi":false,"ParallelActions":[]},{"Identifier":"6ac703e7-6440-4ae4-b53b-bcf5cb7a3e9d","OriginalStepIdentifier":"9bd4f793-ef1a-4787-89ae-9b4a52066e0f","ParentWorkflowIdentifier":"be77845b-fb68-43e6-95ad-4fe1f11bfe56","ParentStepIdentifiers":["fdc40988-07c9-4a0e-a5fa-a13603f37940"],"ParentStepIdentifier":"fdc40988-07c9-4a0e-a5fa-a13603f37940","PreviousResultCondition":"{}","InstanceName":"Is IP Suspicious ?","IsAutomatic":true,"Name":"Condition","IsSkippable":false,"Description":"This condition determines the progress of the playbook. Conditions are built based on cases data (cases, alerts, vents, entities and environment properties) as-well as data that comes back from previous playbook steps.","ActionProvider":"Flow","ActionName":"IfFlowCondition","Type":4,"Integration":"Flow","Parameters":[{"ParentStepIdentifier":"6ac703e7-6440-4ae4-b53b-bcf5cb7a3e9d","ParentWorkflowIdentifier":"be77845b-fb68-43e6-95ad-4fe1f11bfe56","Name":"AssignedUsers","Value":null},{"ParentStepIdentifier":"6ac703e7-6440-4ae4-b53b-bcf5cb7a3e9d","ParentWorkflowIdentifier":"be77845b-fb68-43e6-95ad-4fe1f11bfe56","Name":"Branches","Value":"[{\"LogicalOperator\":1,\"Conditions\":[{\"Operator\":0,\"FieldName\":\"[Extract Overall Ratings.JsonResult| \\\"matches\\\" | first(1)]\",\"Type\":2,\"Value\":\"suspicious\"},{\"Operator\":0,\"FieldName\":\"[Extract Overall Ratings.JsonResult| \\\"matches\\\" | first(1)]\",\"Type\":2,\"Value\":\"malicious\"}],\"Order\":1,\"IsDefaultBranch\":false,\"Name\":\"Branch\"},{\"LogicalOperator\":0,\"Conditions\":[],\"Order\":2,\"IsDefaultBranch\":true,\"Name\":\"Branch\"}]"},{"ParentStepIdentifier":"6ac703e7-6440-4ae4-b53b-bcf5cb7a3e9d","ParentWorkflowIdentifier":"be77845b-fb68-43e6-95ad-4fe1f11bfe56","Name":"DynamicInjectionInstancePlaceholder","Value":null},{"ParentStepIdentifier":"6ac703e7-6440-4ae4-b53b-bcf5cb7a3e9d","ParentWorkflowIdentifier":"be77845b-fb68-43e6-95ad-4fe1f11bfe56","Name":"ErrorFallbackBranch","Value":null},{"ParentStepIdentifier":"6ac703e7-6440-4ae4-b53b-bcf5cb7a3e9d","ParentWorkflowIdentifier":"be77845b-fb68-43e6-95ad-4fe1f11bfe56","Name":"FetchInstanceByName","Value":null},{"ParentStepIdentifier":"6ac703e7-6440-4ae4-b53b-bcf5cb7a3e9d","ParentWorkflowIdentifier":"be77845b-fb68-43e6-95ad-4fe1f11bfe56","Name":"HasApprovalLink","Value":null},{"ParentStepIdentifier":"6ac703e7-6440-4ae4-b53b-bcf5cb7a3e9d","ParentWorkflowIdentifier":"be77845b-fb68-43e6-95ad-4fe1f11bfe56","Name":"MessageToAssignee","Value":null},{"ParentStepIdentifier":"6ac703e7-6440-4ae4-b53b-bcf5cb7a3e9d","ParentWorkflowIdentifier":"be77845b-fb68-43e6-95ad-4fe1f11bfe56","Name":"PendingActionTimeout","Value":null},{"ParentStepIdentifier":"6ac703e7-6440-4ae4-b53b-bcf5cb7a3e9d","ParentWorkflowIdentifier":"be77845b-fb68-43e6-95ad-4fe1f11bfe56","Name":"SelectedScopeName","Value":"All IP addresses"}],"AutoSkipOnFailure":false,"IsDebugMockData":false,"StepDebugData":null,"ParentStepContainerId":null,"IsTouchedByAi":false,"ParallelActions":[]},{"Identifier":"8adf263f-a358-4748-af92-3b14fec6f230","OriginalStepIdentifier":"ce271c86-33b4-47fb-b69d-b3514c4ab786","ParentWorkflowIdentifier":"be77845b-fb68-43e6-95ad-4fe1f11bfe56","ParentStepIdentifiers":["6ac703e7-6440-4ae4-b53b-bcf5cb7a3e9d"],"ParentStepIdentifier":"6ac703e7-6440-4ae4-b53b-bcf5cb7a3e9d","PreviousResultCondition":"{\n  \"6ac703e7-6440-4ae4-b53b-bcf5cb7a3e9d\": \"1\"\n}","InstanceName":"Output_1","IsAutomatic":true,"Name":"Output","IsSkippable":false,"Description":"","ActionProvider":"Flow","ActionName":"OutputAction","Type":6,"Integration":"Flow","Parameters":[{"ParentStepIdentifier":"8adf263f-a358-4748-af92-3b14fec6f230","ParentWorkflowIdentifier":"be77845b-fb68-43e6-95ad-4fe1f11bfe56","Name":"NestedWorkflowOutput","Value":"true"}],"AutoSkipOnFailure":false,"IsDebugMockData":false,"StepDebugData":null,"ParentStepContainerId":null,"IsTouchedByAi":false,"ParallelActions":[]},{"Identifier":"d0da7a9e-0f8c-4dda-9ee5-b85c15f68577","OriginalStepIdentifier":"61062011-c3a3-4e88-a74b-a5d26b18ecdd","ParentWorkflowIdentifier":"be77845b-fb68-43e6-95ad-4fe1f11bfe56","ParentStepIdentifiers":[],"ParentStepIdentifier":"","PreviousResultCondition":null,"InstanceName":"List IP Summary","IsAutomatic":true,"Name":"Team Cymru Scout_List IP Summary","IsSkippable":false,"Description":"Returns the summary information available for the given list of IPs. It also allow to define the maximum number of valid IP addresses to be processed.","ActionProvider":"Scripts","ActionName":"Team Cymru Scout_List IP Summary","Type":0,"Integration":"Team Cymru Scout","Parameters":[{"ParentStepIdentifier":"d0da7a9e-0f8c-4dda-9ee5-b85c15f68577","ParentWorkflowIdentifier":"be77845b-fb68-43e6-95ad-4fe1f11bfe56","Name":"AssignedUsers","Value":null},{"ParentStepIdentifier":"d0da7a9e-0f8c-4dda-9ee5-b85c15f68577","ParentWorkflowIdentifier":"be77845b-fb68-43e6-95ad-4fe1f11bfe56","Name":"DynamicInjectionInstancePlaceholder","Value":""},{"ParentStepIdentifier":"d0da7a9e-0f8c-4dda-9ee5-b85c15f68577","ParentWorkflowIdentifier":"be77845b-fb68-43e6-95ad-4fe1f11bfe56","Name":"FallbackIntegrationInstance","Value":"6aefe922-16fb-4398-9153-0ef063c382eb"},{"ParentStepIdentifier":"d0da7a9e-0f8c-4dda-9ee5-b85c15f68577","ParentWorkflowIdentifier":"be77845b-fb68-43e6-95ad-4fe1f11bfe56","Name":"FetchInstanceByName","Value":"false"},{"ParentStepIdentifier":"d0da7a9e-0f8c-4dda-9ee5-b85c15f68577","ParentWorkflowIdentifier":"be77845b-fb68-43e6-95ad-4fe1f11bfe56","Name":"HasApprovalLink","Value":null},{"ParentStepIdentifier":"d0da7a9e-0f8c-4dda-9ee5-b85c15f68577","ParentWorkflowIdentifier":"be77845b-fb68-43e6-95ad-4fe1f11bfe56","Name":"IntegrationInstance","Value":"AutomaticEnvironment"},{"ParentStepIdentifier":"d0da7a9e-0f8c-4dda-9ee5-b85c15f68577","ParentWorkflowIdentifier":"be77845b-fb68-43e6-95ad-4fe1f11bfe56","Name":"MessageToAssignee","Value":null},{"ParentStepIdentifier":"d0da7a9e-0f8c-4dda-9ee5-b85c15f68577","ParentWorkflowIdentifier":"be77845b-fb68-43e6-95ad-4fe1f11bfe56","Name":"PendingActionTimeout","Value":null},{"ParentStepIdentifier":"d0da7a9e-0f8c-4dda-9ee5-b85c15f68577","ParentWorkflowIdentifier":"be77845b-fb68-43e6-95ad-4fe1f11bfe56","Name":"ScriptName","Value":"Team Cymru Scout_List IP Summary"},{"ParentStepIdentifier":"d0da7a9e-0f8c-4dda-9ee5-b85c15f68577","ParentWorkflowIdentifier":"be77845b-fb68-43e6-95ad-4fe1f11bfe56","Name":"ScriptParametersEntityFields","Value":"{\"IP Addresses\":\"[Input.IP Addresses]\\n\",\"Limit\":\"10\"}"},{"ParentStepIdentifier":"d0da7a9e-0f8c-4dda-9ee5-b85c15f68577","ParentWorkflowIdentifier":"be77845b-fb68-43e6-95ad-4fe1f11bfe56","Name":"SelectedScopeName","Value":"All entities"}],"AutoSkipOnFailure":false,"IsDebugMockData":false,"StepDebugData":null,"ParentStepContainerId":null,"IsTouchedByAi":false,"ParallelActions":[]},{"Identifier":"fdc40988-07c9-4a0e-a5fa-a13603f37940","OriginalStepIdentifier":"1ae65e1e-784c-412f-bea0-bf4c44e21d08","ParentWorkflowIdentifier":"be77845b-fb68-43e6-95ad-4fe1f11bfe56","ParentStepIdentifiers":["d0da7a9e-0f8c-4dda-9ee5-b85c15f68577"],"ParentStepIdentifier":"d0da7a9e-0f8c-4dda-9ee5-b85c15f68577","PreviousResultCondition":"{}","InstanceName":"Extract Overall Ratings","IsAutomatic":true,"Name":"Functions_Run JSONPath Query","IsSkippable":false,"Description":"The action runs an JSONPath Query on a given json and extracts values according to the expression.\nView https://github.com/h2non/jsonpath-ng for more information on JSONPath","ActionProvider":"Scripts","ActionName":"Functions_Run JSONPath Query","Type":0,"Integration":"Functions","Parameters":[{"ParentStepIdentifier":"fdc40988-07c9-4a0e-a5fa-a13603f37940","ParentWorkflowIdentifier":"be77845b-fb68-43e6-95ad-4fe1f11bfe56","Name":"AssignedUsers","Value":null},{"ParentStepIdentifier":"fdc40988-07c9-4a0e-a5fa-a13603f37940","ParentWorkflowIdentifier":"be77845b-fb68-43e6-95ad-4fe1f11bfe56","Name":"DynamicInjectionInstancePlaceholder","Value":""},{"ParentStepIdentifier":"fdc40988-07c9-4a0e-a5fa-a13603f37940","ParentWorkflowIdentifier":"be77845b-fb68-43e6-95ad-4fe1f11bfe56","Name":"FallbackIntegrationInstance","Value":null},{"ParentStepIdentifier":"fdc40988-07c9-4a0e-a5fa-a13603f37940","ParentWorkflowIdentifier":"be77845b-fb68-43e6-95ad-4fe1f11bfe56","Name":"FetchInstanceByName","Value":"false"},{"ParentStepIdentifier":"fdc40988-07c9-4a0e-a5fa-a13603f37940","ParentWorkflowIdentifier":"be77845b-fb68-43e6-95ad-4fe1f11bfe56","Name":"HasApprovalLink","Value":null},{"ParentStepIdentifier":"fdc40988-07c9-4a0e-a5fa-a13603f37940","ParentWorkflowIdentifier":"be77845b-fb68-43e6-95ad-4fe1f11bfe56","Name":"IntegrationInstance","Value":"AutomaticEnvironment"},{"ParentStepIdentifier":"fdc40988-07c9-4a0e-a5fa-a13603f37940","ParentWorkflowIdentifier":"be77845b-fb68-43e6-95ad-4fe1f11bfe56","Name":"MessageToAssignee","Value":null},{"ParentStepIdentifier":"fdc40988-07c9-4a0e-a5fa-a13603f37940","ParentWorkflowIdentifier":"be77845b-fb68-43e6-95ad-4fe1f11bfe56","Name":"PendingActionTimeout","Value":null},{"ParentStepIdentifier":"fdc40988-07c9-4a0e-a5fa-a13603f37940","ParentWorkflowIdentifier":"be77845b-fb68-43e6-95ad-4fe1f11bfe56","Name":"ScriptName","Value":"Functions_Run JSONPath Query"},{"ParentStepIdentifier":"fdc40988-07c9-4a0e-a5fa-a13603f37940","ParentWorkflowIdentifier":"be77845b-fb68-43e6-95ad-4fe1f11bfe56","Name":"ScriptParametersEntityFields","Value":"{\"Json\":\"[List IP Summary.JsonResult]\",\"JSONPath Expression\":\"$..insights.overall_rating\"}"},{"ParentStepIdentifier":"fdc40988-07c9-4a0e-a5fa-a13603f37940","ParentWorkflowIdentifier":"be77845b-fb68-43e6-95ad-4fe1f11bfe56","Name":"SelectedScopeName","Value":"All entities"}],"AutoSkipOnFailure":false,"IsDebugMockData":false,"StepDebugData":null,"ParentStepContainerId":null,"IsTouchedByAi":false,"ParallelActions":[]}],"Triggers":[{"Identifier":"ff7e14d3-bc0d-478f-b6be-d95f47344368","IsEnabled":true,"DefinitionIdentifier":"be77845b-fb68-43e6-95ad-4fe1f11bfe56","Type":11,"WorkflowName":null,"LogicalOperator":0,"Conditions":[{"FieldName":"IP Addresses","MatchType":0,"Value":"1.1.1.1"}],"Environments":["*"]}],"OverviewTemplates":[],"Permissions":[],"Environments":["*"]}}