{"CategoryName":"Team Cymru Use Cases","OverviewTemplatesDetails":[],"WidgetTemplates":[],"Definition":{"Identifier":"6ca38b68-56d9-4940-8c26-3797c4af594d","IsEnable":true,"Version":0.0,"IsArchived":false,"IsAutomatic":true,"Name":"Cache IP Details","Category":2,"Description":"Implements caching mechanism using Custom Lists","Priority":2,"Creator":"3f87d231-3e72-4ca5-9fb0-bd6998ebcd8d","VersionCreator":null,"VersionComment":null,"OriginalWorkflowIdentifier":"a47b4be3-9f84-4f93-9b7f-8b8c831bc2ca","TemplateName":null,"PlaybookType":0,"IsDebugMode":false,"DebugBaseAlertIdentifier":null,"DebugAlertIdentifier":null,"SimulationClone":false,"DefaultAccessLevel":2,"Steps":[{"Identifier":"1f26bc3b-d9a4-4472-9322-933f57456ae0","OriginalStepIdentifier":"433a8ac8-5b08-4909-b4f4-4e8e0df34c30","ParentWorkflowIdentifier":"6ca38b68-56d9-4940-8c26-3797c4af594d","ParentStepIdentifiers":["5d5d5ddf-d0ea-4a5d-9115-682bc44927b9"],"ParentStepIdentifier":"5d5d5ddf-d0ea-4a5d-9115-682bc44927b9","PreviousResultCondition":"{\n  \"5d5d5ddf-d0ea-4a5d-9115-682bc44927b9\": \"1\"\n}","InstanceName":"Display JSON Result","IsAutomatic":true,"Name":"Tools_Buffer","IsSkippable":false,"Description":"The action receives a json and returns it as a json result","ActionProvider":"Scripts","ActionName":"Tools_Buffer","Type":0,"Integration":"Tools","Parameters":[{"ParentStepIdentifier":"1f26bc3b-d9a4-4472-9322-933f57456ae0","ParentWorkflowIdentifier":"6ca38b68-56d9-4940-8c26-3797c4af594d","Name":"AssignedUsers","Value":null},{"ParentStepIdentifier":"1f26bc3b-d9a4-4472-9322-933f57456ae0","ParentWorkflowIdentifier":"6ca38b68-56d9-4940-8c26-3797c4af594d","Name":"AsyncActionTimeout","Value":"86400"},{"ParentStepIdentifier":"1f26bc3b-d9a4-4472-9322-933f57456ae0","ParentWorkflowIdentifier":"6ca38b68-56d9-4940-8c26-3797c4af594d","Name":"AsyncPollingInterval","Value":"3600"},{"ParentStepIdentifier":"1f26bc3b-d9a4-4472-9322-933f57456ae0","ParentWorkflowIdentifier":"6ca38b68-56d9-4940-8c26-3797c4af594d","Name":"DynamicInjectionInstancePlaceholder","Value":""},{"ParentStepIdentifier":"1f26bc3b-d9a4-4472-9322-933f57456ae0","ParentWorkflowIdentifier":"6ca38b68-56d9-4940-8c26-3797c4af594d","Name":"FallbackIntegrationInstance","Value":null},{"ParentStepIdentifier":"1f26bc3b-d9a4-4472-9322-933f57456ae0","ParentWorkflowIdentifier":"6ca38b68-56d9-4940-8c26-3797c4af594d","Name":"FetchInstanceByName","Value":"false"},{"ParentStepIdentifier":"1f26bc3b-d9a4-4472-9322-933f57456ae0","ParentWorkflowIdentifier":"6ca38b68-56d9-4940-8c26-3797c4af594d","Name":"HasApprovalLink","Value":null},{"ParentStepIdentifier":"1f26bc3b-d9a4-4472-9322-933f57456ae0","ParentWorkflowIdentifier":"6ca38b68-56d9-4940-8c26-3797c4af594d","Name":"IntegrationInstance","Value":"AutomaticEnvironment"},{"ParentStepIdentifier":"1f26bc3b-d9a4-4472-9322-933f57456ae0","ParentWorkflowIdentifier":"6ca38b68-56d9-4940-8c26-3797c4af594d","Name":"MessageToAssignee","Value":null},{"ParentStepIdentifier":"1f26bc3b-d9a4-4472-9322-933f57456ae0","ParentWorkflowIdentifier":"6ca38b68-56d9-4940-8c26-3797c4af594d","Name":"PendingActionTimeout","Value":null},{"ParentStepIdentifier":"1f26bc3b-d9a4-4472-9322-933f57456ae0","ParentWorkflowIdentifier":"6ca38b68-56d9-4940-8c26-3797c4af594d","Name":"ScriptName","Value":"Tools_Buffer"},{"ParentStepIdentifier":"1f26bc3b-d9a4-4472-9322-933f57456ae0","ParentWorkflowIdentifier":"6ca38b68-56d9-4940-8c26-3797c4af594d","Name":"ScriptParametersEntityFields","Value":"{\"ResultValue\":\"Success\",\"JSON\":\"[Retrieve IP details from cache.JsonResult| first(1) | \\\"entityIdentifier\\\"]\"}"},{"ParentStepIdentifier":"1f26bc3b-d9a4-4472-9322-933f57456ae0","ParentWorkflowIdentifier":"6ca38b68-56d9-4940-8c26-3797c4af594d","Name":"SelectedScopeName","Value":"All entities"}],"AutoSkipOnFailure":false,"IsDebugMockData":false,"StepDebugData":null,"ParentStepContainerId":null,"IsTouchedByAi":false,"ParallelActions":[]},{"Identifier":"2408ebf6-e950-4202-91ac-f74a2892d803","OriginalStepIdentifier":"490be93f-7e00-4869-a3a8-22cc6e1c6ec6","ParentWorkflowIdentifier":"6ca38b68-56d9-4940-8c26-3797c4af594d","ParentStepIdentifiers":["d7c7af05-081d-49c1-af8c-cc75b6a72914","77a446a8-7a51-485c-8e4a-05c67d960547"],"ParentStepIdentifier":"d7c7af05-081d-49c1-af8c-cc75b6a72914;77a446a8-7a51-485c-8e4a-05c67d960547","PreviousResultCondition":"{\n  \"77a446a8-7a51-485c-8e4a-05c67d960547\": \"2\"\n}","InstanceName":"Get Fresh Record from Team Cymru Scout","IsAutomatic":true,"Name":"Team Cymru Scout_Get IP Details","IsSkippable":false,"Description":"Allows to retrieve detailed information for an IP Address.","ActionProvider":"Scripts","ActionName":"Team Cymru Scout_Get IP Details","Type":0,"Integration":"Team Cymru Scout","Parameters":[{"ParentStepIdentifier":"2408ebf6-e950-4202-91ac-f74a2892d803","ParentWorkflowIdentifier":"6ca38b68-56d9-4940-8c26-3797c4af594d","Name":"AssignedUsers","Value":null},{"ParentStepIdentifier":"2408ebf6-e950-4202-91ac-f74a2892d803","ParentWorkflowIdentifier":"6ca38b68-56d9-4940-8c26-3797c4af594d","Name":"AsyncActionTimeout","Value":"86400"},{"ParentStepIdentifier":"2408ebf6-e950-4202-91ac-f74a2892d803","ParentWorkflowIdentifier":"6ca38b68-56d9-4940-8c26-3797c4af594d","Name":"AsyncPollingInterval","Value":"3600"},{"ParentStepIdentifier":"2408ebf6-e950-4202-91ac-f74a2892d803","ParentWorkflowIdentifier":"6ca38b68-56d9-4940-8c26-3797c4af594d","Name":"DynamicInjectionInstancePlaceholder","Value":""},{"ParentStepIdentifier":"2408ebf6-e950-4202-91ac-f74a2892d803","ParentWorkflowIdentifier":"6ca38b68-56d9-4940-8c26-3797c4af594d","Name":"FallbackIntegrationInstance","Value":null},{"ParentStepIdentifier":"2408ebf6-e950-4202-91ac-f74a2892d803","ParentWorkflowIdentifier":"6ca38b68-56d9-4940-8c26-3797c4af594d","Name":"FetchInstanceByName","Value":"false"},{"ParentStepIdentifier":"2408ebf6-e950-4202-91ac-f74a2892d803","ParentWorkflowIdentifier":"6ca38b68-56d9-4940-8c26-3797c4af594d","Name":"HasApprovalLink","Value":null},{"ParentStepIdentifier":"2408ebf6-e950-4202-91ac-f74a2892d803","ParentWorkflowIdentifier":"6ca38b68-56d9-4940-8c26-3797c4af594d","Name":"IntegrationInstance","Value":"AutomaticEnvironment"},{"ParentStepIdentifier":"2408ebf6-e950-4202-91ac-f74a2892d803","ParentWorkflowIdentifier":"6ca38b68-56d9-4940-8c26-3797c4af594d","Name":"MessageToAssignee","Value":null},{"ParentStepIdentifier":"2408ebf6-e950-4202-91ac-f74a2892d803","ParentWorkflowIdentifier":"6ca38b68-56d9-4940-8c26-3797c4af594d","Name":"PendingActionTimeout","Value":null},{"ParentStepIdentifier":"2408ebf6-e950-4202-91ac-f74a2892d803","ParentWorkflowIdentifier":"6ca38b68-56d9-4940-8c26-3797c4af594d","Name":"ScriptName","Value":"Team Cymru Scout_Get IP Details"},{"ParentStepIdentifier":"2408ebf6-e950-4202-91ac-f74a2892d803","ParentWorkflowIdentifier":"6ca38b68-56d9-4940-8c26-3797c4af594d","Name":"ScriptParametersEntityFields","Value":"{\"IP Addresses\":\"10.1.1.1\",\"Limit\":\"10\",\"Start Date\":\"\",\"End Date\":\"\",\"Days\":\"\",\"Size\":\"\"}"},{"ParentStepIdentifier":"2408ebf6-e950-4202-91ac-f74a2892d803","ParentWorkflowIdentifier":"6ca38b68-56d9-4940-8c26-3797c4af594d","Name":"SelectedScopeName","Value":"All IP addresses"}],"AutoSkipOnFailure":false,"IsDebugMockData":false,"StepDebugData":null,"ParentStepContainerId":null,"IsTouchedByAi":false,"ParallelActions":[]},{"Identifier":"32222918-435e-460b-b7f1-8046bb26de52","OriginalStepIdentifier":"32222918-435e-460b-b7f1-8046bb26de52","ParentWorkflowIdentifier":"6ca38b68-56d9-4940-8c26-3797c4af594d","ParentStepIdentifiers":["77a446a8-7a51-485c-8e4a-05c67d960547"],"ParentStepIdentifier":"77a446a8-7a51-485c-8e4a-05c67d960547","PreviousResultCondition":"{\n  \"77a446a8-7a51-485c-8e4a-05c67d960547\": \"1\"\n}","InstanceName":"Time difference","IsAutomatic":true,"Name":"Time difference","IsSkippable":false,"Description":"This block receives a time (in milliseconds), and outputs the time difference (in seconds) with the current time.","ActionProvider":"Flow","ActionName":"NestedAction","Type":5,"Integration":"Siemplify","Parameters":[{"ParentStepIdentifier":"32222918-435e-460b-b7f1-8046bb26de52","ParentWorkflowIdentifier":"6ca38b68-56d9-4940-8c26-3797c4af594d","Name":"AssignedUsers","Value":null},{"ParentStepIdentifier":"32222918-435e-460b-b7f1-8046bb26de52","ParentWorkflowIdentifier":"6ca38b68-56d9-4940-8c26-3797c4af594d","Name":"HasApprovalLink","Value":null},{"ParentStepIdentifier":"32222918-435e-460b-b7f1-8046bb26de52","ParentWorkflowIdentifier":"6ca38b68-56d9-4940-8c26-3797c4af594d","Name":"MessageToAssignee","Value":null},{"ParentStepIdentifier":"32222918-435e-460b-b7f1-8046bb26de52","ParentWorkflowIdentifier":"6ca38b68-56d9-4940-8c26-3797c4af594d","Name":"NestedWorkflowIdentifier","Value":"7d959db0-73b3-4ab0-8141-bfe4557d39a5"},{"ParentStepIdentifier":"32222918-435e-460b-b7f1-8046bb26de52","ParentWorkflowIdentifier":"6ca38b68-56d9-4940-8c26-3797c4af594d","Name":"NestedWorkflowInputs","Value":"[{\"FieldName\":\"input_ms_time\",\"MatchType\":0,\"Value\":\"[Retrieve IP details from cache.JsonResult| first(1) | \\\"creationTimeUnixTimeInMs\\\"]\"}]"},{"ParentStepIdentifier":"32222918-435e-460b-b7f1-8046bb26de52","ParentWorkflowIdentifier":"6ca38b68-56d9-4940-8c26-3797c4af594d","Name":"PendingActionTimeout","Value":null}],"AutoSkipOnFailure":false,"IsDebugMockData":false,"StepDebugData":null,"ParentStepContainerId":null,"IsTouchedByAi":false,"ParallelActions":[]},{"Identifier":"5d5d5ddf-d0ea-4a5d-9115-682bc44927b9","OriginalStepIdentifier":"9c1975cb-e5ea-4af2-bd3d-7a0e697e9880","ParentWorkflowIdentifier":"6ca38b68-56d9-4940-8c26-3797c4af594d","ParentStepIdentifiers":["32222918-435e-460b-b7f1-8046bb26de52"],"ParentStepIdentifier":"32222918-435e-460b-b7f1-8046bb26de52","PreviousResultCondition":"{}","InstanceName":"Less than 24H","IsAutomatic":true,"Name":"Condition","IsSkippable":false,"Description":"Compare the time difference between the current date and the stored response time","ActionProvider":"Flow","ActionName":"IfFlowCondition","Type":4,"Integration":"Flow","Parameters":[{"ParentStepIdentifier":"5d5d5ddf-d0ea-4a5d-9115-682bc44927b9","ParentWorkflowIdentifier":"6ca38b68-56d9-4940-8c26-3797c4af594d","Name":"AssignedUsers","Value":null},{"ParentStepIdentifier":"5d5d5ddf-d0ea-4a5d-9115-682bc44927b9","ParentWorkflowIdentifier":"6ca38b68-56d9-4940-8c26-3797c4af594d","Name":"Branches","Value":"[{\"LogicalOperator\":0,\"Conditions\":[{\"Operator\":4,\"FieldName\":\"[Time difference.ReturnValue]\",\"Type\":2,\"Value\":\"86400\"}],\"Order\":1,\"IsDefaultBranch\":false,\"Name\":\"Branch\"},{\"LogicalOperator\":0,\"Conditions\":[],\"Order\":2,\"IsDefaultBranch\":true,\"Name\":\"Branch\"}]"},{"ParentStepIdentifier":"5d5d5ddf-d0ea-4a5d-9115-682bc44927b9","ParentWorkflowIdentifier":"6ca38b68-56d9-4940-8c26-3797c4af594d","Name":"DynamicInjectionInstancePlaceholder","Value":null},{"ParentStepIdentifier":"5d5d5ddf-d0ea-4a5d-9115-682bc44927b9","ParentWorkflowIdentifier":"6ca38b68-56d9-4940-8c26-3797c4af594d","Name":"ErrorFallbackBranch","Value":null},{"ParentStepIdentifier":"5d5d5ddf-d0ea-4a5d-9115-682bc44927b9","ParentWorkflowIdentifier":"6ca38b68-56d9-4940-8c26-3797c4af594d","Name":"FetchInstanceByName","Value":null},{"ParentStepIdentifier":"5d5d5ddf-d0ea-4a5d-9115-682bc44927b9","ParentWorkflowIdentifier":"6ca38b68-56d9-4940-8c26-3797c4af594d","Name":"HasApprovalLink","Value":null},{"ParentStepIdentifier":"5d5d5ddf-d0ea-4a5d-9115-682bc44927b9","ParentWorkflowIdentifier":"6ca38b68-56d9-4940-8c26-3797c4af594d","Name":"MessageToAssignee","Value":null},{"ParentStepIdentifier":"5d5d5ddf-d0ea-4a5d-9115-682bc44927b9","ParentWorkflowIdentifier":"6ca38b68-56d9-4940-8c26-3797c4af594d","Name":"PendingActionTimeout","Value":null},{"ParentStepIdentifier":"5d5d5ddf-d0ea-4a5d-9115-682bc44927b9","ParentWorkflowIdentifier":"6ca38b68-56d9-4940-8c26-3797c4af594d","Name":"SelectedScopeName","Value":"All entities"}],"AutoSkipOnFailure":false,"IsDebugMockData":false,"StepDebugData":null,"ParentStepContainerId":null,"IsTouchedByAi":false,"ParallelActions":[]},{"Identifier":"77a446a8-7a51-485c-8e4a-05c67d960547","OriginalStepIdentifier":"68d0e297-e274-43a6-b80d-62b0d373e23c","ParentWorkflowIdentifier":"6ca38b68-56d9-4940-8c26-3797c4af594d","ParentStepIdentifiers":["ee5b4edd-c94d-482a-bcc1-f4e6346756d8"],"ParentStepIdentifier":"ee5b4edd-c94d-482a-bcc1-f4e6346756d8","PreviousResultCondition":"{}","InstanceName":"Are there matches ?","IsAutomatic":true,"Name":"Condition","IsSkippable":false,"Description":"This condition determines the progress of the playbook. Conditions are built based on cases data (cases, alerts, vents, entities and environment properties) as-well as data that comes back from previous playbook steps.","ActionProvider":"Flow","ActionName":"IfFlowCondition","Type":4,"Integration":"Flow","Parameters":[{"ParentStepIdentifier":"77a446a8-7a51-485c-8e4a-05c67d960547","ParentWorkflowIdentifier":"6ca38b68-56d9-4940-8c26-3797c4af594d","Name":"AssignedUsers","Value":null},{"ParentStepIdentifier":"77a446a8-7a51-485c-8e4a-05c67d960547","ParentWorkflowIdentifier":"6ca38b68-56d9-4940-8c26-3797c4af594d","Name":"Branches","Value":"[{\"LogicalOperator\":0,\"Conditions\":[{\"Operator\":0,\"FieldName\":\"[Retrieve IP details from cache.Match_Records]\",\"Type\":2,\"Value\":\"true\"}],\"Order\":1,\"IsDefaultBranch\":false,\"Name\":\"Branch\"},{\"LogicalOperator\":0,\"Conditions\":[],\"Order\":2,\"IsDefaultBranch\":true,\"Name\":\"Branch\"}]"},{"ParentStepIdentifier":"77a446a8-7a51-485c-8e4a-05c67d960547","ParentWorkflowIdentifier":"6ca38b68-56d9-4940-8c26-3797c4af594d","Name":"DynamicInjectionInstancePlaceholder","Value":null},{"ParentStepIdentifier":"77a446a8-7a51-485c-8e4a-05c67d960547","ParentWorkflowIdentifier":"6ca38b68-56d9-4940-8c26-3797c4af594d","Name":"ErrorFallbackBranch","Value":null},{"ParentStepIdentifier":"77a446a8-7a51-485c-8e4a-05c67d960547","ParentWorkflowIdentifier":"6ca38b68-56d9-4940-8c26-3797c4af594d","Name":"FetchInstanceByName","Value":null},{"ParentStepIdentifier":"77a446a8-7a51-485c-8e4a-05c67d960547","ParentWorkflowIdentifier":"6ca38b68-56d9-4940-8c26-3797c4af594d","Name":"HasApprovalLink","Value":null},{"ParentStepIdentifier":"77a446a8-7a51-485c-8e4a-05c67d960547","ParentWorkflowIdentifier":"6ca38b68-56d9-4940-8c26-3797c4af594d","Name":"MessageToAssignee","Value":null},{"ParentStepIdentifier":"77a446a8-7a51-485c-8e4a-05c67d960547","ParentWorkflowIdentifier":"6ca38b68-56d9-4940-8c26-3797c4af594d","Name":"PendingActionTimeout","Value":null},{"ParentStepIdentifier":"77a446a8-7a51-485c-8e4a-05c67d960547","ParentWorkflowIdentifier":"6ca38b68-56d9-4940-8c26-3797c4af594d","Name":"SelectedScopeName","Value":"All entities"}],"AutoSkipOnFailure":false,"IsDebugMockData":false,"StepDebugData":null,"ParentStepContainerId":null,"IsTouchedByAi":false,"ParallelActions":[]},{"Identifier":"8543ae2d-c430-4af9-9ef1-65867b5928a6","OriginalStepIdentifier":"2ca21a18-33ed-4114-b139-f34099abddaa","ParentWorkflowIdentifier":"6ca38b68-56d9-4940-8c26-3797c4af594d","ParentStepIdentifiers":["2408ebf6-e950-4202-91ac-f74a2892d803"],"ParentStepIdentifier":"2408ebf6-e950-4202-91ac-f74a2892d803","PreviousResultCondition":"{}","InstanceName":"Run JSONPath Query","IsAutomatic":true,"Name":"Functions_Run JSONPath Query","IsSkippable":false,"Description":"The action runs an JSONPath Query on a given json and extracts values according to the expression.\nView https://github.com/h2non/jsonpath-ng for more information on JSONPath","ActionProvider":"Scripts","ActionName":"Functions_Run JSONPath Query","Type":0,"Integration":"Functions","Parameters":[{"ParentStepIdentifier":"8543ae2d-c430-4af9-9ef1-65867b5928a6","ParentWorkflowIdentifier":"6ca38b68-56d9-4940-8c26-3797c4af594d","Name":"AssignedUsers","Value":null},{"ParentStepIdentifier":"8543ae2d-c430-4af9-9ef1-65867b5928a6","ParentWorkflowIdentifier":"6ca38b68-56d9-4940-8c26-3797c4af594d","Name":"DynamicInjectionInstancePlaceholder","Value":""},{"ParentStepIdentifier":"8543ae2d-c430-4af9-9ef1-65867b5928a6","ParentWorkflowIdentifier":"6ca38b68-56d9-4940-8c26-3797c4af594d","Name":"FallbackIntegrationInstance","Value":null},{"ParentStepIdentifier":"8543ae2d-c430-4af9-9ef1-65867b5928a6","ParentWorkflowIdentifier":"6ca38b68-56d9-4940-8c26-3797c4af594d","Name":"FetchInstanceByName","Value":"false"},{"ParentStepIdentifier":"8543ae2d-c430-4af9-9ef1-65867b5928a6","ParentWorkflowIdentifier":"6ca38b68-56d9-4940-8c26-3797c4af594d","Name":"HasApprovalLink","Value":null},{"ParentStepIdentifier":"8543ae2d-c430-4af9-9ef1-65867b5928a6","ParentWorkflowIdentifier":"6ca38b68-56d9-4940-8c26-3797c4af594d","Name":"IntegrationInstance","Value":"AutomaticEnvironment"},{"ParentStepIdentifier":"8543ae2d-c430-4af9-9ef1-65867b5928a6","ParentWorkflowIdentifier":"6ca38b68-56d9-4940-8c26-3797c4af594d","Name":"MessageToAssignee","Value":null},{"ParentStepIdentifier":"8543ae2d-c430-4af9-9ef1-65867b5928a6","ParentWorkflowIdentifier":"6ca38b68-56d9-4940-8c26-3797c4af594d","Name":"PendingActionTimeout","Value":null},{"ParentStepIdentifier":"8543ae2d-c430-4af9-9ef1-65867b5928a6","ParentWorkflowIdentifier":"6ca38b68-56d9-4940-8c26-3797c4af594d","Name":"ScriptName","Value":"Functions_Run JSONPath Query"},{"ParentStepIdentifier":"8543ae2d-c430-4af9-9ef1-65867b5928a6","ParentWorkflowIdentifier":"6ca38b68-56d9-4940-8c26-3797c4af594d","Name":"ScriptParametersEntityFields","Value":"{\"Json\":\"[Get Fresh Record from Team Cymru Scout.JsonResult]\",\"JSONPath Expression\":\"$..ip\"}"},{"ParentStepIdentifier":"8543ae2d-c430-4af9-9ef1-65867b5928a6","ParentWorkflowIdentifier":"6ca38b68-56d9-4940-8c26-3797c4af594d","Name":"SelectedScopeName","Value":"All entities"}],"AutoSkipOnFailure":false,"IsDebugMockData":false,"StepDebugData":{"CreationTimeUnixTimeInMs":0,"ModificationTimeUnixTimeInMs":0,"OriginalWorkflowIdentifier":"a47b4be3-9f84-4f93-9b7f-8b8c831bc2ca","OriginalStepIdentifier":"2ca21a18-33ed-4114-b139-f34099abddaa","ResultValue":"true","ResultJson":"{\n  \"matches\": [\n    \"10.0.0.26\",\n    \"10.0.0.26\",\n    \"10.0.0.26\",\n    \"10.0.0.26\",\n    \"10.0.0.26\",\n    \"10.0.0.26\",\n    \"10.0.0.26\",\n    \"10.0.0.26\",\n    \"10.0.0.26\",\n    \"10.0.0.26\",\n    \"10.0.0.26\",\n    \"10.0.0.26\",\n    \"10.0.0.26\",\n    \"10.0.0.26\",\n    \"10.0.0.26\",\n    \"10.0.0.26\",\n    \"10.0.0.26\",\n    \"10.0.0.26\",\n    \"10.0.0.26\",\n    \"10.0.0.26\",\n    \"10.0.0.26\",\n    \"10.0.0.26\",\n    \"10.0.0.26\",\n    \"10.0.0.26\",\n    \"10.0.0.26\",\n    \"10.0.0.26\",\n    \"10.0.0.26\",\n    \"10.0.0.26\",\n    \"10.0.0.26\",\n    \"10.0.0.26\",\n    \"10.0.0.26\",\n    \"10.0.0.26\",\n    \"10.0.0.26\",\n    \"10.0.0.26\",\n    \"10.0.0.26\",\n    \"10.0.0.26\",\n    \"10.0.0.26\",\n    \"10.0.0.26\",\n    \"10.0.0.26\",\n    \"10.0.0.26\",\n    \"10.0.0.26\",\n    \"10.0.0.26\",\n    \"10.0.0.26\",\n    \"10.0.0.26\",\n    \"10.0.0.26\",\n    \"10.0.0.26\",\n    \"10.0.0.26\",\n    \"10.0.0.26\",\n    \"10.0.0.26\",\n    \"10.0.0.26\",\n    \"10.0.0.26\",\n    \"10.0.0.26\",\n    \"10.0.0.26\",\n    \"10.0.0.26\",\n    \"10.0.0.26\",\n    \"10.0.0.26\",\n    \"10.0.0.26\",\n    \"10.0.0.26\",\n    \"10.0.0.26\",\n    \"10.0.0.26\",\n    \"10.0.0.26\",\n    \"10.0.0.26\",\n    \"10.0.0.26\",\n    \"10.0.0.26\",\n    \"10.0.0.26\",\n    \"10.0.0.26\",\n    \"10.0.0.26\",\n    \"10.0.0.26\",\n    \"10.0.0.26\",\n    \"10.0.0.26\",\n    \"10.0.0.26\",\n    \"10.0.0.26\",\n    \"10.0.0.26\",\n    \"10.0.0.26\",\n    \"10.0.0.26\",\n    \"10.0.0.26\",\n    \"10.0.0.26\",\n    \"10.0.0.26\",\n    \"10.0.0.26\",\n    \"10.0.0.26\",\n    \"10.0.0.26\",\n    \"10.0.0.26\",\n    \"10.0.0.26\",\n    \"10.0.0.26\",\n    \"10.0.0.26\",\n    \"10.0.0.26\",\n    \"10.0.0.26\",\n    \"10.0.0.26\",\n    \"10.0.0.26\",\n    \"10.0.0.26\",\n    \"10.0.0.26\",\n    \"10.0.0.26\",\n    \"10.0.0.26\",\n    \"10.0.0.26\",\n    \"10.0.0.26\",\n    \"10.0.0.26\",\n    \"10.0.0.26\",\n    \"10.0.0.26\",\n    \"10.0.0.26\",\n    \"10.0.0.26\",\n    \"10.0.0.26\",\n    \"10.0.0.26\",\n    \"10.0.0.26\",\n    \"10.0.0.26\",\n    \"10.0.0.26\",\n    \"10.0.0.26\",\n    \"10.0.0.26\",\n    \"10.0.0.26\",\n    \"10.0.0.26\",\n    \"10.0.0.26\",\n    \"10.0.0.26\",\n    \"10.0.0.26\",\n    \"10.0.0.26\",\n    \"10.0.0.26\",\n    \"10.0.0.26\",\n    \"10.0.0.26\",\n    \"10.0.0.26\",\n    \"10.0.0.26\",\n    \"10.0.0.26\",\n    \"10.0.0.26\",\n    \"10.0.0.26\",\n    \"10.0.0.26\",\n    \"10.0.0.26\",\n    \"10.0.0.26\",\n    \"10.0.0.26\",\n    \"10.0.0.26\",\n    \"10.0.0.26\",\n    \"10.0.0.26\",\n    \"10.0.0.26\",\n    \"10.0.0.26\",\n    \"10.0.0.26\",\n    \"10.0.0.26\",\n    \"10.0.0.26\",\n    \"10.0.0.26\",\n    \"10.0.0.26\",\n    \"10.0.0.26\",\n    \"10.0.0.26\",\n    \"10.0.0.26\",\n    \"10.0.0.26\",\n    \"10.0.0.26\",\n    \"10.0.0.26\",\n    \"10.0.0.26\",\n    \"10.0.0.26\",\n    \"10.0.0.26\",\n    \"10.0.0.26\",\n    \"10.0.0.26\",\n    \"10.0.0.26\",\n    \"10.0.0.26\",\n    \"10.0.0.26\",\n    \"10.0.0.26\",\n    \"10.0.0.26\",\n    \"10.0.0.26\",\n    \"10.0.0.26\",\n    \"10.0.0.26\",\n    \"10.0.0.26\",\n    \"10.0.0.26\",\n    \"10.0.0.26\",\n    \"10.0.0.26\",\n    \"10.0.0.26\",\n    \"10.0.0.26\",\n    \"10.0.0.26\",\n    \"10.0.0.26\",\n    \"10.0.0.26\",\n    \"10.0.0.26\",\n    \"10.0.0.26\",\n    \"10.0.0.26\",\n    \"10.0.0.26\",\n    \"10.0.0.26\",\n    \"10.0.0.26\",\n    \"10.0.0.26\",\n    \"10.0.0.26\",\n    \"10.0.0.26\",\n    \"10.0.0.26\",\n    \"10.0.0.26\",\n    \"10.0.0.26\",\n    \"10.0.0.26\",\n    \"10.0.0.26\",\n    \"10.0.0.26\",\n    \"10.0.0.26\",\n    \"10.0.0.26\",\n    \"10.0.0.26\",\n    \"10.0.0.26\",\n    \"10.0.0.26\",\n    \"10.0.0.26\",\n    \"10.0.0.26\",\n    \"10.0.0.26\",\n    \"10.0.0.26\",\n    \"10.0.0.26\",\n    \"10.0.0.26\",\n    \"10.0.0.26\",\n    \"10.0.0.26\",\n    \"10.0.0.26\",\n    \"10.0.0.26\",\n    \"10.0.0.26\",\n    \"10.0.0.26\",\n    \"10.0.0.26\",\n    \"10.0.0.26\",\n    \"10.0.0.26\",\n    \"10.0.0.26\",\n    \"10.0.0.26\",\n    \"10.0.0.26\",\n    \"10.0.0.26\",\n    \"10.0.0.26\",\n    \"10.0.0.26\",\n    \"10.0.0.26\",\n    \"10.0.0.26\",\n    \"10.0.0.26\",\n    \"10.0.0.26\",\n    \"10.0.0.26\",\n    \"10.0.0.26\",\n    \"10.0.0.26\",\n    \"10.0.0.26\",\n    \"10.0.0.26\",\n    \"10.0.0.26\",\n    \"10.0.0.26\",\n    \"10.0.0.26\",\n    \"10.0.0.26\",\n    \"10.0.0.26\",\n    \"10.0.0.26\",\n    \"10.0.0.26\",\n    \"10.0.0.26\",\n    \"10.0.0.26\",\n    \"10.0.0.26\",\n    \"10.0.0.26\",\n    \"10.0.0.26\",\n    \"10.0.0.26\",\n    \"10.0.0.26\",\n    \"10.0.0.26\",\n    \"10.0.0.26\",\n    \"10.0.0.26\",\n    \"10.0.0.26\",\n    \"10.0.0.26\",\n    \"10.0.0.26\",\n    \"10.0.0.26\",\n    \"10.0.0.26\",\n    \"10.0.0.26\",\n    \"10.0.0.26\",\n    \"10.0.0.26\",\n    \"10.0.0.26\",\n    \"10.0.0.26\",\n    \"10.0.0.26\",\n    \"10.0.0.26\",\n    \"10.0.0.26\",\n    \"10.0.0.26\",\n    \"10.0.0.26\",\n    \"10.0.0.26\",\n    \"10.0.0.26\",\n    \"10.0.0.26\",\n    \"10.0.0.26\",\n    \"10.0.0.26\",\n    \"10.0.0.26\",\n    \"10.0.0.26\",\n    \"10.0.0.26\",\n    \"10.0.0.26\",\n    \"10.0.0.26\",\n    \"10.0.0.26\",\n    \"10.0.0.26\",\n    \"10.0.0.26\",\n    \"10.0.0.26\",\n    \"10.0.0.26\",\n    \"10.0.0.26\",\n    \"10.0.0.26\",\n    \"10.0.0.26\",\n    \"10.0.0.26\",\n    \"10.0.0.26\",\n    \"10.0.0.26\",\n    \"10.0.0.26\",\n    \"10.0.0.26\",\n    \"10.0.0.26\",\n    \"10.0.0.26\",\n    \"10.0.0.26\",\n    \"10.0.0.26\",\n    \"10.0.0.26\",\n    \"10.0.0.26\",\n    \"10.0.0.26\",\n    \"10.0.0.26\",\n    \"10.0.0.26\",\n    \"10.0.0.26\",\n    \"10.0.0.26\",\n    \"10.0.0.26\",\n    \"10.0.0.26\",\n    \"10.0.0.26\",\n    \"10.0.0.26\",\n    \"10.0.0.26\",\n    \"10.0.0.26\",\n    \"10.0.0.26\"\n  ]\n}","ScopeEntitiesEnrichmentData":[],"ScopeEntitiesEnrichmentDataJson":"[]"},"ParentStepContainerId":null,"IsTouchedByAi":false,"ParallelActions":[]},{"Identifier":"d7c7af05-081d-49c1-af8c-cc75b6a72914","OriginalStepIdentifier":"b2777d79-c145-4cc3-a2b0-8f119ad5c666","ParentWorkflowIdentifier":"6ca38b68-56d9-4940-8c26-3797c4af594d","ParentStepIdentifiers":["5d5d5ddf-d0ea-4a5d-9115-682bc44927b9"],"ParentStepIdentifier":"5d5d5ddf-d0ea-4a5d-9115-682bc44927b9","PreviousResultCondition":"{\n  \"5d5d5ddf-d0ea-4a5d-9115-682bc44927b9\": \"2\"\n}","InstanceName":"Remove Old Record","IsAutomatic":true,"Name":"Lists_Remove String from Custom List","IsSkippable":false,"Description":"The action removes a string from a custom list.","ActionProvider":"Scripts","ActionName":"Lists_Remove String from Custom List","Type":0,"Integration":"Lists","Parameters":[{"ParentStepIdentifier":"d7c7af05-081d-49c1-af8c-cc75b6a72914","ParentWorkflowIdentifier":"6ca38b68-56d9-4940-8c26-3797c4af594d","Name":"AssignedUsers","Value":null},{"ParentStepIdentifier":"d7c7af05-081d-49c1-af8c-cc75b6a72914","ParentWorkflowIdentifier":"6ca38b68-56d9-4940-8c26-3797c4af594d","Name":"AsyncActionTimeout","Value":"86400"},{"ParentStepIdentifier":"d7c7af05-081d-49c1-af8c-cc75b6a72914","ParentWorkflowIdentifier":"6ca38b68-56d9-4940-8c26-3797c4af594d","Name":"AsyncPollingInterval","Value":"3600"},{"ParentStepIdentifier":"d7c7af05-081d-49c1-af8c-cc75b6a72914","ParentWorkflowIdentifier":"6ca38b68-56d9-4940-8c26-3797c4af594d","Name":"DynamicInjectionInstancePlaceholder","Value":""},{"ParentStepIdentifier":"d7c7af05-081d-49c1-af8c-cc75b6a72914","ParentWorkflowIdentifier":"6ca38b68-56d9-4940-8c26-3797c4af594d","Name":"FallbackIntegrationInstance","Value":null},{"ParentStepIdentifier":"d7c7af05-081d-49c1-af8c-cc75b6a72914","ParentWorkflowIdentifier":"6ca38b68-56d9-4940-8c26-3797c4af594d","Name":"FetchInstanceByName","Value":"false"},{"ParentStepIdentifier":"d7c7af05-081d-49c1-af8c-cc75b6a72914","ParentWorkflowIdentifier":"6ca38b68-56d9-4940-8c26-3797c4af594d","Name":"HasApprovalLink","Value":null},{"ParentStepIdentifier":"d7c7af05-081d-49c1-af8c-cc75b6a72914","ParentWorkflowIdentifier":"6ca38b68-56d9-4940-8c26-3797c4af594d","Name":"IntegrationInstance","Value":"AutomaticEnvironment"},{"ParentStepIdentifier":"d7c7af05-081d-49c1-af8c-cc75b6a72914","ParentWorkflowIdentifier":"6ca38b68-56d9-4940-8c26-3797c4af594d","Name":"MessageToAssignee","Value":null},{"ParentStepIdentifier":"d7c7af05-081d-49c1-af8c-cc75b6a72914","ParentWorkflowIdentifier":"6ca38b68-56d9-4940-8c26-3797c4af594d","Name":"PendingActionTimeout","Value":null},{"ParentStepIdentifier":"d7c7af05-081d-49c1-af8c-cc75b6a72914","ParentWorkflowIdentifier":"6ca38b68-56d9-4940-8c26-3797c4af594d","Name":"ScriptName","Value":"Lists_Remove String from Custom List"},{"ParentStepIdentifier":"d7c7af05-081d-49c1-af8c-cc75b6a72914","ParentWorkflowIdentifier":"6ca38b68-56d9-4940-8c26-3797c4af594d","Name":"ScriptParametersEntityFields","Value":"{\"Category\":\"TCS_ips\",\"ListItem\":\"[Retrieve IP details from cache.JsonResult| first(1)]\"}"},{"ParentStepIdentifier":"d7c7af05-081d-49c1-af8c-cc75b6a72914","ParentWorkflowIdentifier":"6ca38b68-56d9-4940-8c26-3797c4af594d","Name":"SelectedScopeName","Value":"All entities"}],"AutoSkipOnFailure":false,"IsDebugMockData":false,"StepDebugData":null,"ParentStepContainerId":null,"IsTouchedByAi":false,"ParallelActions":[]},{"Identifier":"dfd778d0-c6aa-4ca5-b481-930ec899610f","OriginalStepIdentifier":"1e1568e7-d150-43dc-a457-aed56630f5a4","ParentWorkflowIdentifier":"6ca38b68-56d9-4940-8c26-3797c4af594d","ParentStepIdentifiers":["8543ae2d-c430-4af9-9ef1-65867b5928a6"],"ParentStepIdentifier":"8543ae2d-c430-4af9-9ef1-65867b5928a6","PreviousResultCondition":"{}","InstanceName":"Cache new Record","IsAutomatic":true,"Name":"Lists_Add String to Custom List","IsSkippable":false,"Description":"The action adds a string to a custom list.","ActionProvider":"Scripts","ActionName":"Lists_Add String to Custom List","Type":0,"Integration":"Lists","Parameters":[{"ParentStepIdentifier":"dfd778d0-c6aa-4ca5-b481-930ec899610f","ParentWorkflowIdentifier":"6ca38b68-56d9-4940-8c26-3797c4af594d","Name":"AssignedUsers","Value":null},{"ParentStepIdentifier":"dfd778d0-c6aa-4ca5-b481-930ec899610f","ParentWorkflowIdentifier":"6ca38b68-56d9-4940-8c26-3797c4af594d","Name":"AsyncActionTimeout","Value":"86400"},{"ParentStepIdentifier":"dfd778d0-c6aa-4ca5-b481-930ec899610f","ParentWorkflowIdentifier":"6ca38b68-56d9-4940-8c26-3797c4af594d","Name":"AsyncPollingInterval","Value":"3600"},{"ParentStepIdentifier":"dfd778d0-c6aa-4ca5-b481-930ec899610f","ParentWorkflowIdentifier":"6ca38b68-56d9-4940-8c26-3797c4af594d","Name":"DynamicInjectionInstancePlaceholder","Value":""},{"ParentStepIdentifier":"dfd778d0-c6aa-4ca5-b481-930ec899610f","ParentWorkflowIdentifier":"6ca38b68-56d9-4940-8c26-3797c4af594d","Name":"FallbackIntegrationInstance","Value":null},{"ParentStepIdentifier":"dfd778d0-c6aa-4ca5-b481-930ec899610f","ParentWorkflowIdentifier":"6ca38b68-56d9-4940-8c26-3797c4af594d","Name":"FetchInstanceByName","Value":"false"},{"ParentStepIdentifier":"dfd778d0-c6aa-4ca5-b481-930ec899610f","ParentWorkflowIdentifier":"6ca38b68-56d9-4940-8c26-3797c4af594d","Name":"HasApprovalLink","Value":null},{"ParentStepIdentifier":"dfd778d0-c6aa-4ca5-b481-930ec899610f","ParentWorkflowIdentifier":"6ca38b68-56d9-4940-8c26-3797c4af594d","Name":"IntegrationInstance","Value":"AutomaticEnvironment"},{"ParentStepIdentifier":"dfd778d0-c6aa-4ca5-b481-930ec899610f","ParentWorkflowIdentifier":"6ca38b68-56d9-4940-8c26-3797c4af594d","Name":"MessageToAssignee","Value":null},{"ParentStepIdentifier":"dfd778d0-c6aa-4ca5-b481-930ec899610f","ParentWorkflowIdentifier":"6ca38b68-56d9-4940-8c26-3797c4af594d","Name":"PendingActionTimeout","Value":null},{"ParentStepIdentifier":"dfd778d0-c6aa-4ca5-b481-930ec899610f","ParentWorkflowIdentifier":"6ca38b68-56d9-4940-8c26-3797c4af594d","Name":"ScriptName","Value":"Lists_Add String to Custom List"},{"ParentStepIdentifier":"dfd778d0-c6aa-4ca5-b481-930ec899610f","ParentWorkflowIdentifier":"6ca38b68-56d9-4940-8c26-3797c4af594d","Name":"ScriptParametersEntityFields","Value":"{\"ListItem\":\"{\\\"ip\\\":\\\"[Run JSONPath Query.JsonResult| \\\"matches\\\" | first(1)]\\\", \\\"data\\\": [Get Fresh Record from Team Cymru Scout.JsonResult]}\",\"Category\":\"TCS_ips\"}"},{"ParentStepIdentifier":"dfd778d0-c6aa-4ca5-b481-930ec899610f","ParentWorkflowIdentifier":"6ca38b68-56d9-4940-8c26-3797c4af594d","Name":"SelectedScopeName","Value":"All entities"}],"AutoSkipOnFailure":false,"IsDebugMockData":false,"StepDebugData":{"CreationTimeUnixTimeInMs":0,"ModificationTimeUnixTimeInMs":0,"OriginalWorkflowIdentifier":"a47b4be3-9f84-4f93-9b7f-8b8c831bc2ca","OriginalStepIdentifier":"1e1568e7-d150-43dc-a457-aed56630f5a4","ResultValue":"true","ResultJson":"","ScopeEntitiesEnrichmentData":[],"ScopeEntitiesEnrichmentDataJson":"[]"},"ParentStepContainerId":null,"IsTouchedByAi":false,"ParallelActions":[]},{"Identifier":"ee5b4edd-c94d-482a-bcc1-f4e6346756d8","OriginalStepIdentifier":"62d4ed4d-b991-4cfb-94f6-0ccd4b692cce","ParentWorkflowIdentifier":"6ca38b68-56d9-4940-8c26-3797c4af594d","ParentStepIdentifiers":[],"ParentStepIdentifier":"","PreviousResultCondition":null,"InstanceName":"Retrieve IP details from cache","IsAutomatic":true,"Name":"Lists_Search Custom Lists","IsSkippable":false,"Description":"Search a specified IP within the records of a custom list. (If no values are provided will return all custom lists records)","ActionProvider":"Scripts","ActionName":"Lists_Search Custom Lists","Type":0,"Integration":"Lists","Parameters":[{"ParentStepIdentifier":"ee5b4edd-c94d-482a-bcc1-f4e6346756d8","ParentWorkflowIdentifier":"6ca38b68-56d9-4940-8c26-3797c4af594d","Name":"AssignedUsers","Value":null},{"ParentStepIdentifier":"ee5b4edd-c94d-482a-bcc1-f4e6346756d8","ParentWorkflowIdentifier":"6ca38b68-56d9-4940-8c26-3797c4af594d","Name":"AsyncActionTimeout","Value":"86400"},{"ParentStepIdentifier":"ee5b4edd-c94d-482a-bcc1-f4e6346756d8","ParentWorkflowIdentifier":"6ca38b68-56d9-4940-8c26-3797c4af594d","Name":"AsyncPollingInterval","Value":"3600"},{"ParentStepIdentifier":"ee5b4edd-c94d-482a-bcc1-f4e6346756d8","ParentWorkflowIdentifier":"6ca38b68-56d9-4940-8c26-3797c4af594d","Name":"DynamicInjectionInstancePlaceholder","Value":""},{"ParentStepIdentifier":"ee5b4edd-c94d-482a-bcc1-f4e6346756d8","ParentWorkflowIdentifier":"6ca38b68-56d9-4940-8c26-3797c4af594d","Name":"FallbackIntegrationInstance","Value":null},{"ParentStepIdentifier":"ee5b4edd-c94d-482a-bcc1-f4e6346756d8","ParentWorkflowIdentifier":"6ca38b68-56d9-4940-8c26-3797c4af594d","Name":"FetchInstanceByName","Value":"false"},{"ParentStepIdentifier":"ee5b4edd-c94d-482a-bcc1-f4e6346756d8","ParentWorkflowIdentifier":"6ca38b68-56d9-4940-8c26-3797c4af594d","Name":"HasApprovalLink","Value":null},{"ParentStepIdentifier":"ee5b4edd-c94d-482a-bcc1-f4e6346756d8","ParentWorkflowIdentifier":"6ca38b68-56d9-4940-8c26-3797c4af594d","Name":"IntegrationInstance","Value":"AutomaticEnvironment"},{"ParentStepIdentifier":"ee5b4edd-c94d-482a-bcc1-f4e6346756d8","ParentWorkflowIdentifier":"6ca38b68-56d9-4940-8c26-3797c4af594d","Name":"MessageToAssignee","Value":null},{"ParentStepIdentifier":"ee5b4edd-c94d-482a-bcc1-f4e6346756d8","ParentWorkflowIdentifier":"6ca38b68-56d9-4940-8c26-3797c4af594d","Name":"PendingActionTimeout","Value":null},{"ParentStepIdentifier":"ee5b4edd-c94d-482a-bcc1-f4e6346756d8","ParentWorkflowIdentifier":"6ca38b68-56d9-4940-8c26-3797c4af594d","Name":"ScriptName","Value":"Lists_Search Custom Lists"},{"ParentStepIdentifier":"ee5b4edd-c94d-482a-bcc1-f4e6346756d8","ParentWorkflowIdentifier":"6ca38b68-56d9-4940-8c26-3797c4af594d","Name":"ScriptParametersEntityFields","Value":"{\"String to Search\":\"{\\\"ip\\\":\\\"10.1.1.1\\\",\",\"Categories\":\"TCS_ips\"}"},{"ParentStepIdentifier":"ee5b4edd-c94d-482a-bcc1-f4e6346756d8","ParentWorkflowIdentifier":"6ca38b68-56d9-4940-8c26-3797c4af594d","Name":"SelectedScopeName","Value":"All IP addresses"}],"AutoSkipOnFailure":false,"IsDebugMockData":false,"StepDebugData":null,"ParentStepContainerId":null,"IsTouchedByAi":false,"ParallelActions":[]}],"Triggers":[{"Identifier":"c0f0062e-5b00-4a2b-b8ab-785681d19422","IsEnabled":true,"DefinitionIdentifier":"6ca38b68-56d9-4940-8c26-3797c4af594d","Type":8,"WorkflowName":null,"LogicalOperator":0,"Conditions":[{"FieldName":"","MatchType":0,"Value":""}],"Environments":["*"]}],"OverviewTemplates":[],"Permissions":[],"Environments":["*"]}}