{"CategoryName":"Team Cymru Use Cases","OverviewTemplatesDetails":[],"WidgetTemplates":[],"Definition":{"Identifier":"94f487c5-fa50-4087-b15a-38902ddeada7","IsEnable":false,"Version":0.0,"IsArchived":false,"IsAutomatic":true,"Name":"Cache IP Details","Category":2,"Description":"Implements caching mechanism using Custom Lists","Priority":2,"Creator":"3f87d231-3e72-4ca5-9fb0-bd6998ebcd8d","VersionCreator":null,"VersionComment":null,"OriginalWorkflowIdentifier":"a47b4be3-9f84-4f93-9b7f-8b8c831bc2ca","TemplateName":null,"PlaybookType":0,"IsDebugMode":false,"DebugBaseAlertIdentifier":"SUSPICIOUS PHISHING EMAIL_83E5BCF9-760F-45B4-B091-D72B5D683CCF","DebugAlertIdentifier":"SUSPICIOUS PHISHING EMAIL0F0755EE-A11D-41F1-B24D-861A62FA470A","SimulationClone":false,"DefaultAccessLevel":2,"Steps":[{"Identifier":"01407633-6891-4d43-bbcd-223c7f7af11d","OriginalStepIdentifier":"68d0e297-e274-43a6-b80d-62b0d373e23c","ParentWorkflowIdentifier":"94f487c5-fa50-4087-b15a-38902ddeada7","ParentStepIdentifiers":["e89942b7-e4ff-4e43-ae47-57b1913516e2"],"ParentStepIdentifier":"e89942b7-e4ff-4e43-ae47-57b1913516e2","PreviousResultCondition":"{}","InstanceName":"Are there matches ?","IsAutomatic":true,"Name":"Condition","IsSkippable":false,"Description":"This condition determines the progress of the playbook. Conditions are built based on cases data (cases, alerts, vents, entities and environment properties) as-well as data that comes back from previous playbook steps.","ActionProvider":"Flow","ActionName":"IfFlowCondition","Type":4,"Integration":"Flow","Parameters":[{"ParentStepIdentifier":"01407633-6891-4d43-bbcd-223c7f7af11d","ParentWorkflowIdentifier":"94f487c5-fa50-4087-b15a-38902ddeada7","Name":"AssignedUsers","Value":null},{"ParentStepIdentifier":"01407633-6891-4d43-bbcd-223c7f7af11d","ParentWorkflowIdentifier":"94f487c5-fa50-4087-b15a-38902ddeada7","Name":"Branches","Value":"[{\"LogicalOperator\":0,\"Conditions\":[{\"Operator\":0,\"FieldName\":\"[Retrieve IP details from cache.Match_Records]\",\"Type\":2,\"Value\":\"true\"}],\"Order\":1,\"IsDefaultBranch\":false,\"Name\":\"Branch\"},{\"LogicalOperator\":0,\"Conditions\":[],\"Order\":2,\"IsDefaultBranch\":true,\"Name\":\"Branch\"}]"},{"ParentStepIdentifier":"01407633-6891-4d43-bbcd-223c7f7af11d","ParentWorkflowIdentifier":"94f487c5-fa50-4087-b15a-38902ddeada7","Name":"DynamicInjectionInstancePlaceholder","Value":null},{"ParentStepIdentifier":"01407633-6891-4d43-bbcd-223c7f7af11d","ParentWorkflowIdentifier":"94f487c5-fa50-4087-b15a-38902ddeada7","Name":"ErrorFallbackBranch","Value":null},{"ParentStepIdentifier":"01407633-6891-4d43-bbcd-223c7f7af11d","ParentWorkflowIdentifier":"94f487c5-fa50-4087-b15a-38902ddeada7","Name":"FetchInstanceByName","Value":null},{"ParentStepIdentifier":"01407633-6891-4d43-bbcd-223c7f7af11d","ParentWorkflowIdentifier":"94f487c5-fa50-4087-b15a-38902ddeada7","Name":"HasApprovalLink","Value":null},{"ParentStepIdentifier":"01407633-6891-4d43-bbcd-223c7f7af11d","ParentWorkflowIdentifier":"94f487c5-fa50-4087-b15a-38902ddeada7","Name":"MessageToAssignee","Value":null},{"ParentStepIdentifier":"01407633-6891-4d43-bbcd-223c7f7af11d","ParentWorkflowIdentifier":"94f487c5-fa50-4087-b15a-38902ddeada7","Name":"PendingActionTimeout","Value":null},{"ParentStepIdentifier":"01407633-6891-4d43-bbcd-223c7f7af11d","ParentWorkflowIdentifier":"94f487c5-fa50-4087-b15a-38902ddeada7","Name":"SelectedScopeName","Value":"All entities"}],"AutoSkipOnFailure":false,"IsDebugMockData":false,"StepDebugData":null,"ParentStepContainerId":null,"IsTouchedByAi":false,"ParallelActions":[]},{"Identifier":"06c357ed-8676-4401-b1e5-8dae3c0af25f","OriginalStepIdentifier":"2ca21a18-33ed-4114-b139-f34099abddaa","ParentWorkflowIdentifier":"94f487c5-fa50-4087-b15a-38902ddeada7","ParentStepIdentifiers":["0b3482ab-da7d-457c-b3f8-455d1ee16bdc"],"ParentStepIdentifier":"0b3482ab-da7d-457c-b3f8-455d1ee16bdc","PreviousResultCondition":"{}","InstanceName":"Run JSONPath Query","IsAutomatic":true,"Name":"Functions_Run JSONPath Query","IsSkippable":false,"Description":"The action runs an JSONPath Query on a given json and extracts values according to the expression.\nView https://github.com/h2non/jsonpath-ng for more information on JSONPath","ActionProvider":"Scripts","ActionName":"Functions_Run JSONPath Query","Type":0,"Integration":"Functions","Parameters":[{"ParentStepIdentifier":"06c357ed-8676-4401-b1e5-8dae3c0af25f","ParentWorkflowIdentifier":"94f487c5-fa50-4087-b15a-38902ddeada7","Name":"AssignedUsers","Value":null},{"ParentStepIdentifier":"06c357ed-8676-4401-b1e5-8dae3c0af25f","ParentWorkflowIdentifier":"94f487c5-fa50-4087-b15a-38902ddeada7","Name":"DynamicInjectionInstancePlaceholder","Value":""},{"ParentStepIdentifier":"06c357ed-8676-4401-b1e5-8dae3c0af25f","ParentWorkflowIdentifier":"94f487c5-fa50-4087-b15a-38902ddeada7","Name":"FallbackIntegrationInstance","Value":null},{"ParentStepIdentifier":"06c357ed-8676-4401-b1e5-8dae3c0af25f","ParentWorkflowIdentifier":"94f487c5-fa50-4087-b15a-38902ddeada7","Name":"FetchInstanceByName","Value":"false"},{"ParentStepIdentifier":"06c357ed-8676-4401-b1e5-8dae3c0af25f","ParentWorkflowIdentifier":"94f487c5-fa50-4087-b15a-38902ddeada7","Name":"HasApprovalLink","Value":null},{"ParentStepIdentifier":"06c357ed-8676-4401-b1e5-8dae3c0af25f","ParentWorkflowIdentifier":"94f487c5-fa50-4087-b15a-38902ddeada7","Name":"IntegrationInstance","Value":"AutomaticEnvironment"},{"ParentStepIdentifier":"06c357ed-8676-4401-b1e5-8dae3c0af25f","ParentWorkflowIdentifier":"94f487c5-fa50-4087-b15a-38902ddeada7","Name":"MessageToAssignee","Value":null},{"ParentStepIdentifier":"06c357ed-8676-4401-b1e5-8dae3c0af25f","ParentWorkflowIdentifier":"94f487c5-fa50-4087-b15a-38902ddeada7","Name":"PendingActionTimeout","Value":null},{"ParentStepIdentifier":"06c357ed-8676-4401-b1e5-8dae3c0af25f","ParentWorkflowIdentifier":"94f487c5-fa50-4087-b15a-38902ddeada7","Name":"ScriptName","Value":"Functions_Run JSONPath Query"},{"ParentStepIdentifier":"06c357ed-8676-4401-b1e5-8dae3c0af25f","ParentWorkflowIdentifier":"94f487c5-fa50-4087-b15a-38902ddeada7","Name":"ScriptParametersEntityFields","Value":"{\"Json\":\"[Get Fresh Record from Team Cymru Scout.JsonResult]\",\"JSONPath Expression\":\"$..ip\"}"},{"ParentStepIdentifier":"06c357ed-8676-4401-b1e5-8dae3c0af25f","ParentWorkflowIdentifier":"94f487c5-fa50-4087-b15a-38902ddeada7","Name":"SelectedScopeName","Value":"All entities"}],"AutoSkipOnFailure":false,"IsDebugMockData":false,"StepDebugData":{"CreationTimeUnixTimeInMs":0,"ModificationTimeUnixTimeInMs":0,"OriginalWorkflowIdentifier":"a47b4be3-9f84-4f93-9b7f-8b8c831bc2ca","OriginalStepIdentifier":"2ca21a18-33ed-4114-b139-f34099abddaa","ResultValue":"true","ResultJson":"{\n  \"matches\": [\n    \"10.0.0.26\",\n    \"10.0.0.26\",\n    \"10.0.0.26\",\n    \"10.0.0.26\",\n    \"10.0.0.26\",\n    \"10.0.0.26\",\n    \"10.0.0.26\",\n    \"10.0.0.26\",\n    \"10.0.0.26\",\n    \"10.0.0.26\",\n    \"10.0.0.26\",\n    \"10.0.0.26\",\n    \"10.0.0.26\",\n    \"10.0.0.26\",\n    \"10.0.0.26\",\n    \"10.0.0.26\",\n    \"10.0.0.26\",\n    \"10.0.0.26\",\n    \"10.0.0.26\",\n    \"10.0.0.26\",\n    \"10.0.0.26\",\n    \"10.0.0.26\",\n    \"10.0.0.26\",\n    \"10.0.0.26\",\n    \"10.0.0.26\",\n    \"10.0.0.26\",\n    \"10.0.0.26\",\n    \"10.0.0.26\",\n    \"10.0.0.26\",\n    \"10.0.0.26\",\n    \"10.0.0.26\",\n    \"10.0.0.26\",\n    \"10.0.0.26\",\n    \"10.0.0.26\",\n    \"10.0.0.26\",\n    \"10.0.0.26\",\n    \"10.0.0.26\",\n    \"10.0.0.26\",\n    \"10.0.0.26\",\n    \"10.0.0.26\",\n    \"10.0.0.26\",\n    \"10.0.0.26\",\n    \"10.0.0.26\",\n    \"10.0.0.26\",\n    \"10.0.0.26\",\n    \"10.0.0.26\",\n    \"10.0.0.26\",\n    \"10.0.0.26\",\n    \"10.0.0.26\",\n    \"10.0.0.26\",\n    \"10.0.0.26\",\n    \"10.0.0.26\",\n    \"10.0.0.26\",\n    \"10.0.0.26\",\n    \"10.0.0.26\",\n    \"10.0.0.26\",\n    \"10.0.0.26\",\n    \"10.0.0.26\",\n    \"10.0.0.26\",\n    \"10.0.0.26\",\n    \"10.0.0.26\",\n    \"10.0.0.26\",\n    \"10.0.0.26\",\n    \"10.0.0.26\",\n    \"10.0.0.26\",\n    \"10.0.0.26\",\n    \"10.0.0.26\",\n    \"10.0.0.26\",\n    \"10.0.0.26\",\n    \"10.0.0.26\",\n    \"10.0.0.26\",\n    \"10.0.0.26\",\n    \"10.0.0.26\",\n    \"10.0.0.26\",\n    \"10.0.0.26\",\n    \"10.0.0.26\",\n    \"10.0.0.26\",\n    \"10.0.0.26\",\n    \"10.0.0.26\",\n    \"10.0.0.26\",\n    \"10.0.0.26\",\n    \"10.0.0.26\",\n    \"10.0.0.26\",\n    \"10.0.0.26\",\n    \"10.0.0.26\",\n    \"10.0.0.26\",\n    \"10.0.0.26\",\n    \"10.0.0.26\",\n    \"10.0.0.26\",\n    \"10.0.0.26\",\n    \"10.0.0.26\",\n    \"10.0.0.26\",\n    \"10.0.0.26\",\n    \"10.0.0.26\",\n    \"10.0.0.26\",\n    \"10.0.0.26\",\n    \"10.0.0.26\",\n    \"10.0.0.26\",\n    \"10.0.0.26\",\n    \"10.0.0.26\",\n    \"10.0.0.26\",\n    \"10.0.0.26\",\n    \"10.0.0.26\",\n    \"10.0.0.26\",\n    \"10.0.0.26\",\n    \"10.0.0.26\",\n    \"10.0.0.26\",\n    \"10.0.0.26\",\n    \"10.0.0.26\",\n    \"10.0.0.26\",\n    \"10.0.0.26\",\n    \"10.0.0.26\",\n    \"10.0.0.26\",\n    \"10.0.0.26\",\n    \"10.0.0.26\",\n    \"10.0.0.26\",\n    \"10.0.0.26\",\n    \"10.0.0.26\",\n    \"10.0.0.26\",\n    \"10.0.0.26\",\n    \"10.0.0.26\",\n    \"10.0.0.26\",\n    \"10.0.0.26\",\n    \"10.0.0.26\",\n    \"10.0.0.26\",\n    \"10.0.0.26\",\n    \"10.0.0.26\",\n    \"10.0.0.26\",\n    \"10.0.0.26\",\n    \"10.0.0.26\",\n    \"10.0.0.26\",\n    \"10.0.0.26\",\n    \"10.0.0.26\",\n    \"10.0.0.26\",\n    \"10.0.0.26\",\n    \"10.0.0.26\",\n    \"10.0.0.26\",\n    \"10.0.0.26\",\n    \"10.0.0.26\",\n    \"10.0.0.26\",\n    \"10.0.0.26\",\n    \"10.0.0.26\",\n    \"10.0.0.26\",\n    \"10.0.0.26\",\n    \"10.0.0.26\",\n    \"10.0.0.26\",\n    \"10.0.0.26\",\n    \"10.0.0.26\",\n    \"10.0.0.26\",\n    \"10.0.0.26\",\n    \"10.0.0.26\",\n    \"10.0.0.26\",\n    \"10.0.0.26\",\n    \"10.0.0.26\",\n    \"10.0.0.26\",\n    \"10.0.0.26\",\n    \"10.0.0.26\",\n    \"10.0.0.26\",\n    \"10.0.0.26\",\n    \"10.0.0.26\",\n    \"10.0.0.26\",\n    \"10.0.0.26\",\n    \"10.0.0.26\",\n    \"10.0.0.26\",\n    \"10.0.0.26\",\n    \"10.0.0.26\",\n    \"10.0.0.26\",\n    \"10.0.0.26\",\n    \"10.0.0.26\",\n    \"10.0.0.26\",\n    \"10.0.0.26\",\n    \"10.0.0.26\",\n    \"10.0.0.26\",\n    \"10.0.0.26\",\n    \"10.0.0.26\",\n    \"10.0.0.26\",\n    \"10.0.0.26\",\n    \"10.0.0.26\",\n    \"10.0.0.26\",\n    \"10.0.0.26\",\n    \"10.0.0.26\",\n    \"10.0.0.26\",\n    \"10.0.0.26\",\n    \"10.0.0.26\",\n    \"10.0.0.26\",\n    \"10.0.0.26\",\n    \"10.0.0.26\",\n    \"10.0.0.26\",\n    \"10.0.0.26\",\n    \"10.0.0.26\",\n    \"10.0.0.26\",\n    \"10.0.0.26\",\n    \"10.0.0.26\",\n    \"10.0.0.26\",\n    \"10.0.0.26\",\n    \"10.0.0.26\",\n    \"10.0.0.26\",\n    \"10.0.0.26\",\n    \"10.0.0.26\",\n    \"10.0.0.26\",\n    \"10.0.0.26\",\n    \"10.0.0.26\",\n    \"10.0.0.26\",\n    \"10.0.0.26\",\n    \"10.0.0.26\",\n    \"10.0.0.26\",\n    \"10.0.0.26\",\n    \"10.0.0.26\",\n    \"10.0.0.26\",\n    \"10.0.0.26\",\n    \"10.0.0.26\",\n    \"10.0.0.26\",\n    \"10.0.0.26\",\n    \"10.0.0.26\",\n    \"10.0.0.26\",\n    \"10.0.0.26\",\n    \"10.0.0.26\",\n    \"10.0.0.26\",\n    \"10.0.0.26\",\n    \"10.0.0.26\",\n    \"10.0.0.26\",\n    \"10.0.0.26\",\n    \"10.0.0.26\",\n    \"10.0.0.26\",\n    \"10.0.0.26\",\n    \"10.0.0.26\",\n    \"10.0.0.26\",\n    \"10.0.0.26\",\n    \"10.0.0.26\",\n    \"10.0.0.26\",\n    \"10.0.0.26\",\n    \"10.0.0.26\",\n    \"10.0.0.26\",\n    \"10.0.0.26\",\n    \"10.0.0.26\",\n    \"10.0.0.26\",\n    \"10.0.0.26\",\n    \"10.0.0.26\",\n    \"10.0.0.26\",\n    \"10.0.0.26\",\n    \"10.0.0.26\",\n    \"10.0.0.26\",\n    \"10.0.0.26\",\n    \"10.0.0.26\",\n    \"10.0.0.26\",\n    \"10.0.0.26\",\n    \"10.0.0.26\",\n    \"10.0.0.26\",\n    \"10.0.0.26\",\n    \"10.0.0.26\",\n    \"10.0.0.26\",\n    \"10.0.0.26\",\n    \"10.0.0.26\",\n    \"10.0.0.26\",\n    \"10.0.0.26\",\n    \"10.0.0.26\",\n    \"10.0.0.26\",\n    \"10.0.0.26\",\n    \"10.0.0.26\",\n    \"10.0.0.26\",\n    \"10.0.0.26\",\n    \"10.0.0.26\",\n    \"10.0.0.26\",\n    \"10.0.0.26\",\n    \"10.0.0.26\",\n    \"10.0.0.26\",\n    \"10.0.0.26\",\n    \"10.0.0.26\",\n    \"10.0.0.26\",\n    \"10.0.0.26\",\n    \"10.0.0.26\",\n    \"10.0.0.26\",\n    \"10.0.0.26\",\n    \"10.0.0.26\",\n    \"10.0.0.26\",\n    \"10.0.0.26\",\n    \"10.0.0.26\",\n    \"10.0.0.26\",\n    \"10.0.0.26\",\n    \"10.0.0.26\",\n    \"10.0.0.26\",\n    \"10.0.0.26\",\n    \"10.0.0.26\",\n    \"10.0.0.26\",\n    \"10.0.0.26\",\n    \"10.0.0.26\"\n  ]\n}","ScopeEntitiesEnrichmentData":[],"ScopeEntitiesEnrichmentDataJson":"[]"},"ParentStepContainerId":null,"IsTouchedByAi":false,"ParallelActions":[]},{"Identifier":"09f109b2-d97f-4b68-a7b5-9a1ab3be7546","OriginalStepIdentifier":"9c1975cb-e5ea-4af2-bd3d-7a0e697e9880","ParentWorkflowIdentifier":"94f487c5-fa50-4087-b15a-38902ddeada7","ParentStepIdentifiers":["f62dae9b-e6ea-4c3f-9ca0-118e23e0fc3a"],"ParentStepIdentifier":"f62dae9b-e6ea-4c3f-9ca0-118e23e0fc3a","PreviousResultCondition":"{}","InstanceName":"Less than 24H","IsAutomatic":true,"Name":"Condition","IsSkippable":false,"Description":"Compare the time difference between the current date and the stored response time","ActionProvider":"Flow","ActionName":"IfFlowCondition","Type":4,"Integration":"Flow","Parameters":[{"ParentStepIdentifier":"09f109b2-d97f-4b68-a7b5-9a1ab3be7546","ParentWorkflowIdentifier":"94f487c5-fa50-4087-b15a-38902ddeada7","Name":"AssignedUsers","Value":null},{"ParentStepIdentifier":"09f109b2-d97f-4b68-a7b5-9a1ab3be7546","ParentWorkflowIdentifier":"94f487c5-fa50-4087-b15a-38902ddeada7","Name":"Branches","Value":"[{\"LogicalOperator\":0,\"Conditions\":[{\"Operator\":4,\"FieldName\":\"[Time difference.ReturnValue]\",\"Type\":2,\"Value\":\"86400\"}],\"Order\":1,\"IsDefaultBranch\":false,\"Name\":\"Branch\"},{\"LogicalOperator\":0,\"Conditions\":[],\"Order\":2,\"IsDefaultBranch\":true,\"Name\":\"Branch\"}]"},{"ParentStepIdentifier":"09f109b2-d97f-4b68-a7b5-9a1ab3be7546","ParentWorkflowIdentifier":"94f487c5-fa50-4087-b15a-38902ddeada7","Name":"DynamicInjectionInstancePlaceholder","Value":null},{"ParentStepIdentifier":"09f109b2-d97f-4b68-a7b5-9a1ab3be7546","ParentWorkflowIdentifier":"94f487c5-fa50-4087-b15a-38902ddeada7","Name":"ErrorFallbackBranch","Value":null},{"ParentStepIdentifier":"09f109b2-d97f-4b68-a7b5-9a1ab3be7546","ParentWorkflowIdentifier":"94f487c5-fa50-4087-b15a-38902ddeada7","Name":"FetchInstanceByName","Value":null},{"ParentStepIdentifier":"09f109b2-d97f-4b68-a7b5-9a1ab3be7546","ParentWorkflowIdentifier":"94f487c5-fa50-4087-b15a-38902ddeada7","Name":"HasApprovalLink","Value":null},{"ParentStepIdentifier":"09f109b2-d97f-4b68-a7b5-9a1ab3be7546","ParentWorkflowIdentifier":"94f487c5-fa50-4087-b15a-38902ddeada7","Name":"MessageToAssignee","Value":null},{"ParentStepIdentifier":"09f109b2-d97f-4b68-a7b5-9a1ab3be7546","ParentWorkflowIdentifier":"94f487c5-fa50-4087-b15a-38902ddeada7","Name":"PendingActionTimeout","Value":null},{"ParentStepIdentifier":"09f109b2-d97f-4b68-a7b5-9a1ab3be7546","ParentWorkflowIdentifier":"94f487c5-fa50-4087-b15a-38902ddeada7","Name":"SelectedScopeName","Value":"All entities"}],"AutoSkipOnFailure":false,"IsDebugMockData":false,"StepDebugData":null,"ParentStepContainerId":null,"IsTouchedByAi":false,"ParallelActions":[]},{"Identifier":"0b3482ab-da7d-457c-b3f8-455d1ee16bdc","OriginalStepIdentifier":"30c7f5f4-dbb9-4439-b8bb-47e367a8a3cf","ParentWorkflowIdentifier":"94f487c5-fa50-4087-b15a-38902ddeada7","ParentStepIdentifiers":["3b5fdd7d-5207-4055-8952-9cbd7786a561","01407633-6891-4d43-bbcd-223c7f7af11d"],"ParentStepIdentifier":"3b5fdd7d-5207-4055-8952-9cbd7786a561;01407633-6891-4d43-bbcd-223c7f7af11d","PreviousResultCondition":"{\n  \"01407633-6891-4d43-bbcd-223c7f7af11d\": \"2\"\n}","InstanceName":"Get Fresh Record from Team Cymru Scout","IsAutomatic":true,"Name":"TeamCymruScout_Get IP Details","IsSkippable":false,"Description":"Allows to retrieve detailed information for the given IP Addresses.","ActionProvider":"Scripts","ActionName":"TeamCymruScout_Get IP Details","Type":0,"Integration":"TeamCymruScout","Parameters":[{"ParentStepIdentifier":"0b3482ab-da7d-457c-b3f8-455d1ee16bdc","ParentWorkflowIdentifier":"94f487c5-fa50-4087-b15a-38902ddeada7","Name":"AssignedUsers","Value":null},{"ParentStepIdentifier":"0b3482ab-da7d-457c-b3f8-455d1ee16bdc","ParentWorkflowIdentifier":"94f487c5-fa50-4087-b15a-38902ddeada7","Name":"DynamicInjectionInstancePlaceholder","Value":""},{"ParentStepIdentifier":"0b3482ab-da7d-457c-b3f8-455d1ee16bdc","ParentWorkflowIdentifier":"94f487c5-fa50-4087-b15a-38902ddeada7","Name":"FallbackIntegrationInstance","Value":null},{"ParentStepIdentifier":"0b3482ab-da7d-457c-b3f8-455d1ee16bdc","ParentWorkflowIdentifier":"94f487c5-fa50-4087-b15a-38902ddeada7","Name":"FetchInstanceByName","Value":"false"},{"ParentStepIdentifier":"0b3482ab-da7d-457c-b3f8-455d1ee16bdc","ParentWorkflowIdentifier":"94f487c5-fa50-4087-b15a-38902ddeada7","Name":"HasApprovalLink","Value":null},{"ParentStepIdentifier":"0b3482ab-da7d-457c-b3f8-455d1ee16bdc","ParentWorkflowIdentifier":"94f487c5-fa50-4087-b15a-38902ddeada7","Name":"IntegrationInstance","Value":"AutomaticEnvironment"},{"ParentStepIdentifier":"0b3482ab-da7d-457c-b3f8-455d1ee16bdc","ParentWorkflowIdentifier":"94f487c5-fa50-4087-b15a-38902ddeada7","Name":"MessageToAssignee","Value":null},{"ParentStepIdentifier":"0b3482ab-da7d-457c-b3f8-455d1ee16bdc","ParentWorkflowIdentifier":"94f487c5-fa50-4087-b15a-38902ddeada7","Name":"PendingActionTimeout","Value":null},{"ParentStepIdentifier":"0b3482ab-da7d-457c-b3f8-455d1ee16bdc","ParentWorkflowIdentifier":"94f487c5-fa50-4087-b15a-38902ddeada7","Name":"ScriptName","Value":"TeamCymruScout_Get IP Details"},{"ParentStepIdentifier":"0b3482ab-da7d-457c-b3f8-455d1ee16bdc","ParentWorkflowIdentifier":"94f487c5-fa50-4087-b15a-38902ddeada7","Name":"ScriptParametersEntityFields","Value":"{\"IP Addresses\":\"10.1.1.1\",\"Limit\":\"10\",\"Start Date\":\"\",\"End Date\":\"\",\"Days\":\"\",\"Size\":\"\"}"},{"ParentStepIdentifier":"0b3482ab-da7d-457c-b3f8-455d1ee16bdc","ParentWorkflowIdentifier":"94f487c5-fa50-4087-b15a-38902ddeada7","Name":"SelectedScopeName","Value":"All entities"}],"AutoSkipOnFailure":false,"IsDebugMockData":false,"StepDebugData":null,"ParentStepContainerId":null,"IsTouchedByAi":false,"ParallelActions":[]},{"Identifier":"3b5fdd7d-5207-4055-8952-9cbd7786a561","OriginalStepIdentifier":"b2777d79-c145-4cc3-a2b0-8f119ad5c666","ParentWorkflowIdentifier":"94f487c5-fa50-4087-b15a-38902ddeada7","ParentStepIdentifiers":["09f109b2-d97f-4b68-a7b5-9a1ab3be7546"],"ParentStepIdentifier":"09f109b2-d97f-4b68-a7b5-9a1ab3be7546","PreviousResultCondition":"{\n  \"09f109b2-d97f-4b68-a7b5-9a1ab3be7546\": \"2\"\n}","InstanceName":"Remove Old Record","IsAutomatic":true,"Name":"Lists_Remove String from Custom List","IsSkippable":false,"Description":"The action removes a string from a custom list.","ActionProvider":"Scripts","ActionName":"Lists_Remove String from Custom List","Type":0,"Integration":"Lists","Parameters":[{"ParentStepIdentifier":"3b5fdd7d-5207-4055-8952-9cbd7786a561","ParentWorkflowIdentifier":"94f487c5-fa50-4087-b15a-38902ddeada7","Name":"AssignedUsers","Value":null},{"ParentStepIdentifier":"3b5fdd7d-5207-4055-8952-9cbd7786a561","ParentWorkflowIdentifier":"94f487c5-fa50-4087-b15a-38902ddeada7","Name":"AsyncActionTimeout","Value":"86400"},{"ParentStepIdentifier":"3b5fdd7d-5207-4055-8952-9cbd7786a561","ParentWorkflowIdentifier":"94f487c5-fa50-4087-b15a-38902ddeada7","Name":"AsyncPollingInterval","Value":"3600"},{"ParentStepIdentifier":"3b5fdd7d-5207-4055-8952-9cbd7786a561","ParentWorkflowIdentifier":"94f487c5-fa50-4087-b15a-38902ddeada7","Name":"DynamicInjectionInstancePlaceholder","Value":""},{"ParentStepIdentifier":"3b5fdd7d-5207-4055-8952-9cbd7786a561","ParentWorkflowIdentifier":"94f487c5-fa50-4087-b15a-38902ddeada7","Name":"FallbackIntegrationInstance","Value":null},{"ParentStepIdentifier":"3b5fdd7d-5207-4055-8952-9cbd7786a561","ParentWorkflowIdentifier":"94f487c5-fa50-4087-b15a-38902ddeada7","Name":"FetchInstanceByName","Value":"false"},{"ParentStepIdentifier":"3b5fdd7d-5207-4055-8952-9cbd7786a561","ParentWorkflowIdentifier":"94f487c5-fa50-4087-b15a-38902ddeada7","Name":"HasApprovalLink","Value":null},{"ParentStepIdentifier":"3b5fdd7d-5207-4055-8952-9cbd7786a561","ParentWorkflowIdentifier":"94f487c5-fa50-4087-b15a-38902ddeada7","Name":"IntegrationInstance","Value":"AutomaticEnvironment"},{"ParentStepIdentifier":"3b5fdd7d-5207-4055-8952-9cbd7786a561","ParentWorkflowIdentifier":"94f487c5-fa50-4087-b15a-38902ddeada7","Name":"MessageToAssignee","Value":null},{"ParentStepIdentifier":"3b5fdd7d-5207-4055-8952-9cbd7786a561","ParentWorkflowIdentifier":"94f487c5-fa50-4087-b15a-38902ddeada7","Name":"PendingActionTimeout","Value":null},{"ParentStepIdentifier":"3b5fdd7d-5207-4055-8952-9cbd7786a561","ParentWorkflowIdentifier":"94f487c5-fa50-4087-b15a-38902ddeada7","Name":"ScriptName","Value":"Lists_Remove String from Custom List"},{"ParentStepIdentifier":"3b5fdd7d-5207-4055-8952-9cbd7786a561","ParentWorkflowIdentifier":"94f487c5-fa50-4087-b15a-38902ddeada7","Name":"ScriptParametersEntityFields","Value":"{\"Category\":\"TCS_ips\",\"ListItem\":\"[Retrieve IP details from cache.JsonResult| first(1) | \\\"entityIdentifier\\\"]\"}"},{"ParentStepIdentifier":"3b5fdd7d-5207-4055-8952-9cbd7786a561","ParentWorkflowIdentifier":"94f487c5-fa50-4087-b15a-38902ddeada7","Name":"SelectedScopeName","Value":"All entities"}],"AutoSkipOnFailure":false,"IsDebugMockData":false,"StepDebugData":null,"ParentStepContainerId":null,"IsTouchedByAi":false,"ParallelActions":[]},{"Identifier":"8df19082-71db-4fb6-bcc8-02fd24bf56a8","OriginalStepIdentifier":"433a8ac8-5b08-4909-b4f4-4e8e0df34c30","ParentWorkflowIdentifier":"94f487c5-fa50-4087-b15a-38902ddeada7","ParentStepIdentifiers":["09f109b2-d97f-4b68-a7b5-9a1ab3be7546"],"ParentStepIdentifier":"09f109b2-d97f-4b68-a7b5-9a1ab3be7546","PreviousResultCondition":"{\n  \"09f109b2-d97f-4b68-a7b5-9a1ab3be7546\": \"1\"\n}","InstanceName":"Display JSON Result","IsAutomatic":true,"Name":"Tools_Buffer","IsSkippable":false,"Description":"The action receives a json and returns it as a json result","ActionProvider":"Scripts","ActionName":"Tools_Buffer","Type":0,"Integration":"Tools","Parameters":[{"ParentStepIdentifier":"8df19082-71db-4fb6-bcc8-02fd24bf56a8","ParentWorkflowIdentifier":"94f487c5-fa50-4087-b15a-38902ddeada7","Name":"AssignedUsers","Value":null},{"ParentStepIdentifier":"8df19082-71db-4fb6-bcc8-02fd24bf56a8","ParentWorkflowIdentifier":"94f487c5-fa50-4087-b15a-38902ddeada7","Name":"AsyncActionTimeout","Value":"86400"},{"ParentStepIdentifier":"8df19082-71db-4fb6-bcc8-02fd24bf56a8","ParentWorkflowIdentifier":"94f487c5-fa50-4087-b15a-38902ddeada7","Name":"AsyncPollingInterval","Value":"3600"},{"ParentStepIdentifier":"8df19082-71db-4fb6-bcc8-02fd24bf56a8","ParentWorkflowIdentifier":"94f487c5-fa50-4087-b15a-38902ddeada7","Name":"DynamicInjectionInstancePlaceholder","Value":""},{"ParentStepIdentifier":"8df19082-71db-4fb6-bcc8-02fd24bf56a8","ParentWorkflowIdentifier":"94f487c5-fa50-4087-b15a-38902ddeada7","Name":"FallbackIntegrationInstance","Value":null},{"ParentStepIdentifier":"8df19082-71db-4fb6-bcc8-02fd24bf56a8","ParentWorkflowIdentifier":"94f487c5-fa50-4087-b15a-38902ddeada7","Name":"FetchInstanceByName","Value":"false"},{"ParentStepIdentifier":"8df19082-71db-4fb6-bcc8-02fd24bf56a8","ParentWorkflowIdentifier":"94f487c5-fa50-4087-b15a-38902ddeada7","Name":"HasApprovalLink","Value":null},{"ParentStepIdentifier":"8df19082-71db-4fb6-bcc8-02fd24bf56a8","ParentWorkflowIdentifier":"94f487c5-fa50-4087-b15a-38902ddeada7","Name":"IntegrationInstance","Value":"AutomaticEnvironment"},{"ParentStepIdentifier":"8df19082-71db-4fb6-bcc8-02fd24bf56a8","ParentWorkflowIdentifier":"94f487c5-fa50-4087-b15a-38902ddeada7","Name":"MessageToAssignee","Value":null},{"ParentStepIdentifier":"8df19082-71db-4fb6-bcc8-02fd24bf56a8","ParentWorkflowIdentifier":"94f487c5-fa50-4087-b15a-38902ddeada7","Name":"PendingActionTimeout","Value":null},{"ParentStepIdentifier":"8df19082-71db-4fb6-bcc8-02fd24bf56a8","ParentWorkflowIdentifier":"94f487c5-fa50-4087-b15a-38902ddeada7","Name":"ScriptName","Value":"Tools_Buffer"},{"ParentStepIdentifier":"8df19082-71db-4fb6-bcc8-02fd24bf56a8","ParentWorkflowIdentifier":"94f487c5-fa50-4087-b15a-38902ddeada7","Name":"ScriptParametersEntityFields","Value":"{\"ResultValue\":\"Success\",\"JSON\":\"[Retrieve IP details from cache.JsonResult| first(1) | \\\"entityIdentifier\\\"]\"}"},{"ParentStepIdentifier":"8df19082-71db-4fb6-bcc8-02fd24bf56a8","ParentWorkflowIdentifier":"94f487c5-fa50-4087-b15a-38902ddeada7","Name":"SelectedScopeName","Value":"All entities"}],"AutoSkipOnFailure":false,"IsDebugMockData":false,"StepDebugData":null,"ParentStepContainerId":null,"IsTouchedByAi":false,"ParallelActions":[]},{"Identifier":"d4db54e3-31d1-45d7-b391-184c085b099a","OriginalStepIdentifier":"1e1568e7-d150-43dc-a457-aed56630f5a4","ParentWorkflowIdentifier":"94f487c5-fa50-4087-b15a-38902ddeada7","ParentStepIdentifiers":["06c357ed-8676-4401-b1e5-8dae3c0af25f"],"ParentStepIdentifier":"06c357ed-8676-4401-b1e5-8dae3c0af25f","PreviousResultCondition":"{}","InstanceName":"Cache new Record","IsAutomatic":true,"Name":"Lists_Add String to Custom List","IsSkippable":false,"Description":"The action adds a string to a custom list.","ActionProvider":"Scripts","ActionName":"Lists_Add String to Custom List","Type":0,"Integration":"Lists","Parameters":[{"ParentStepIdentifier":"d4db54e3-31d1-45d7-b391-184c085b099a","ParentWorkflowIdentifier":"94f487c5-fa50-4087-b15a-38902ddeada7","Name":"AssignedUsers","Value":null},{"ParentStepIdentifier":"d4db54e3-31d1-45d7-b391-184c085b099a","ParentWorkflowIdentifier":"94f487c5-fa50-4087-b15a-38902ddeada7","Name":"AsyncActionTimeout","Value":"86400"},{"ParentStepIdentifier":"d4db54e3-31d1-45d7-b391-184c085b099a","ParentWorkflowIdentifier":"94f487c5-fa50-4087-b15a-38902ddeada7","Name":"AsyncPollingInterval","Value":"3600"},{"ParentStepIdentifier":"d4db54e3-31d1-45d7-b391-184c085b099a","ParentWorkflowIdentifier":"94f487c5-fa50-4087-b15a-38902ddeada7","Name":"DynamicInjectionInstancePlaceholder","Value":""},{"ParentStepIdentifier":"d4db54e3-31d1-45d7-b391-184c085b099a","ParentWorkflowIdentifier":"94f487c5-fa50-4087-b15a-38902ddeada7","Name":"FallbackIntegrationInstance","Value":null},{"ParentStepIdentifier":"d4db54e3-31d1-45d7-b391-184c085b099a","ParentWorkflowIdentifier":"94f487c5-fa50-4087-b15a-38902ddeada7","Name":"FetchInstanceByName","Value":"false"},{"ParentStepIdentifier":"d4db54e3-31d1-45d7-b391-184c085b099a","ParentWorkflowIdentifier":"94f487c5-fa50-4087-b15a-38902ddeada7","Name":"HasApprovalLink","Value":null},{"ParentStepIdentifier":"d4db54e3-31d1-45d7-b391-184c085b099a","ParentWorkflowIdentifier":"94f487c5-fa50-4087-b15a-38902ddeada7","Name":"IntegrationInstance","Value":"AutomaticEnvironment"},{"ParentStepIdentifier":"d4db54e3-31d1-45d7-b391-184c085b099a","ParentWorkflowIdentifier":"94f487c5-fa50-4087-b15a-38902ddeada7","Name":"MessageToAssignee","Value":null},{"ParentStepIdentifier":"d4db54e3-31d1-45d7-b391-184c085b099a","ParentWorkflowIdentifier":"94f487c5-fa50-4087-b15a-38902ddeada7","Name":"PendingActionTimeout","Value":null},{"ParentStepIdentifier":"d4db54e3-31d1-45d7-b391-184c085b099a","ParentWorkflowIdentifier":"94f487c5-fa50-4087-b15a-38902ddeada7","Name":"ScriptName","Value":"Lists_Add String to Custom List"},{"ParentStepIdentifier":"d4db54e3-31d1-45d7-b391-184c085b099a","ParentWorkflowIdentifier":"94f487c5-fa50-4087-b15a-38902ddeada7","Name":"ScriptParametersEntityFields","Value":"{\"ListItem\":\"{\\\"ip\\\":\\\"[Run JSONPath Query.JsonResult| \\\"matches\\\" | first(1)]\\\", \\\"data\\\": [Get Fresh Record from Team Cymru Scout.JsonResult]}\",\"Category\":\"TCS_ips\"}"},{"ParentStepIdentifier":"d4db54e3-31d1-45d7-b391-184c085b099a","ParentWorkflowIdentifier":"94f487c5-fa50-4087-b15a-38902ddeada7","Name":"SelectedScopeName","Value":"All entities"}],"AutoSkipOnFailure":false,"IsDebugMockData":false,"StepDebugData":{"CreationTimeUnixTimeInMs":0,"ModificationTimeUnixTimeInMs":0,"OriginalWorkflowIdentifier":"a47b4be3-9f84-4f93-9b7f-8b8c831bc2ca","OriginalStepIdentifier":"1e1568e7-d150-43dc-a457-aed56630f5a4","ResultValue":"true","ResultJson":"","ScopeEntitiesEnrichmentData":[],"ScopeEntitiesEnrichmentDataJson":"[]"},"ParentStepContainerId":null,"IsTouchedByAi":false,"ParallelActions":[]},{"Identifier":"e89942b7-e4ff-4e43-ae47-57b1913516e2","OriginalStepIdentifier":"62d4ed4d-b991-4cfb-94f6-0ccd4b692cce","ParentWorkflowIdentifier":"94f487c5-fa50-4087-b15a-38902ddeada7","ParentStepIdentifiers":[],"ParentStepIdentifier":"","PreviousResultCondition":null,"InstanceName":"Retrieve IP details from cache","IsAutomatic":true,"Name":"Lists_Search Custom Lists","IsSkippable":false,"Description":"Search a specified IP within the records of a custom list. (If no values are provided will return all custom lists records)","ActionProvider":"Scripts","ActionName":"Lists_Search Custom Lists","Type":0,"Integration":"Lists","Parameters":[{"ParentStepIdentifier":"e89942b7-e4ff-4e43-ae47-57b1913516e2","ParentWorkflowIdentifier":"94f487c5-fa50-4087-b15a-38902ddeada7","Name":"AssignedUsers","Value":null},{"ParentStepIdentifier":"e89942b7-e4ff-4e43-ae47-57b1913516e2","ParentWorkflowIdentifier":"94f487c5-fa50-4087-b15a-38902ddeada7","Name":"AsyncActionTimeout","Value":"86400"},{"ParentStepIdentifier":"e89942b7-e4ff-4e43-ae47-57b1913516e2","ParentWorkflowIdentifier":"94f487c5-fa50-4087-b15a-38902ddeada7","Name":"AsyncPollingInterval","Value":"3600"},{"ParentStepIdentifier":"e89942b7-e4ff-4e43-ae47-57b1913516e2","ParentWorkflowIdentifier":"94f487c5-fa50-4087-b15a-38902ddeada7","Name":"DynamicInjectionInstancePlaceholder","Value":""},{"ParentStepIdentifier":"e89942b7-e4ff-4e43-ae47-57b1913516e2","ParentWorkflowIdentifier":"94f487c5-fa50-4087-b15a-38902ddeada7","Name":"FallbackIntegrationInstance","Value":null},{"ParentStepIdentifier":"e89942b7-e4ff-4e43-ae47-57b1913516e2","ParentWorkflowIdentifier":"94f487c5-fa50-4087-b15a-38902ddeada7","Name":"FetchInstanceByName","Value":"false"},{"ParentStepIdentifier":"e89942b7-e4ff-4e43-ae47-57b1913516e2","ParentWorkflowIdentifier":"94f487c5-fa50-4087-b15a-38902ddeada7","Name":"HasApprovalLink","Value":null},{"ParentStepIdentifier":"e89942b7-e4ff-4e43-ae47-57b1913516e2","ParentWorkflowIdentifier":"94f487c5-fa50-4087-b15a-38902ddeada7","Name":"IntegrationInstance","Value":"AutomaticEnvironment"},{"ParentStepIdentifier":"e89942b7-e4ff-4e43-ae47-57b1913516e2","ParentWorkflowIdentifier":"94f487c5-fa50-4087-b15a-38902ddeada7","Name":"MessageToAssignee","Value":null},{"ParentStepIdentifier":"e89942b7-e4ff-4e43-ae47-57b1913516e2","ParentWorkflowIdentifier":"94f487c5-fa50-4087-b15a-38902ddeada7","Name":"PendingActionTimeout","Value":null},{"ParentStepIdentifier":"e89942b7-e4ff-4e43-ae47-57b1913516e2","ParentWorkflowIdentifier":"94f487c5-fa50-4087-b15a-38902ddeada7","Name":"ScriptName","Value":"Lists_Search Custom Lists"},{"ParentStepIdentifier":"e89942b7-e4ff-4e43-ae47-57b1913516e2","ParentWorkflowIdentifier":"94f487c5-fa50-4087-b15a-38902ddeada7","Name":"ScriptParametersEntityFields","Value":"{\"String to Search\":\"{\\\"ip\\\":\\\"10.1.1.1\\\",\",\"Categories\":\"TCS_ips\"}"},{"ParentStepIdentifier":"e89942b7-e4ff-4e43-ae47-57b1913516e2","ParentWorkflowIdentifier":"94f487c5-fa50-4087-b15a-38902ddeada7","Name":"SelectedScopeName","Value":"All IP addresses"}],"AutoSkipOnFailure":false,"IsDebugMockData":false,"StepDebugData":null,"ParentStepContainerId":null,"IsTouchedByAi":false,"ParallelActions":[]},{"Identifier":"f62dae9b-e6ea-4c3f-9ca0-118e23e0fc3a","OriginalStepIdentifier":"32222918-435e-460b-b7f1-8046bb26de52","ParentWorkflowIdentifier":"94f487c5-fa50-4087-b15a-38902ddeada7","ParentStepIdentifiers":["01407633-6891-4d43-bbcd-223c7f7af11d"],"ParentStepIdentifier":"01407633-6891-4d43-bbcd-223c7f7af11d","PreviousResultCondition":"{\n  \"01407633-6891-4d43-bbcd-223c7f7af11d\": \"1\"\n}","InstanceName":"Time difference","IsAutomatic":true,"Name":"Time difference","IsSkippable":false,"Description":"This block receives a time (in milliseconds), and outputs the time difference (in seconds) with the current time.","ActionProvider":"Flow","ActionName":"NestedAction","Type":5,"Integration":"Siemplify","Parameters":[{"ParentStepIdentifier":"f62dae9b-e6ea-4c3f-9ca0-118e23e0fc3a","ParentWorkflowIdentifier":"94f487c5-fa50-4087-b15a-38902ddeada7","Name":"AssignedUsers","Value":null},{"ParentStepIdentifier":"f62dae9b-e6ea-4c3f-9ca0-118e23e0fc3a","ParentWorkflowIdentifier":"94f487c5-fa50-4087-b15a-38902ddeada7","Name":"HasApprovalLink","Value":null},{"ParentStepIdentifier":"f62dae9b-e6ea-4c3f-9ca0-118e23e0fc3a","ParentWorkflowIdentifier":"94f487c5-fa50-4087-b15a-38902ddeada7","Name":"MessageToAssignee","Value":null},{"ParentStepIdentifier":"f62dae9b-e6ea-4c3f-9ca0-118e23e0fc3a","ParentWorkflowIdentifier":"94f487c5-fa50-4087-b15a-38902ddeada7","Name":"NestedWorkflowIdentifier","Value":"7d959db0-73b3-4ab0-8141-bfe4557d39a5"},{"ParentStepIdentifier":"f62dae9b-e6ea-4c3f-9ca0-118e23e0fc3a","ParentWorkflowIdentifier":"94f487c5-fa50-4087-b15a-38902ddeada7","Name":"NestedWorkflowInputs","Value":"[{\"FieldName\":\"input_ms_time\",\"MatchType\":0,\"Value\":\"[Retrieve IP details from cache.JsonResult| first(1) | \\\"creationTimeUnixTimeInMs\\\"]\"}]"},{"ParentStepIdentifier":"f62dae9b-e6ea-4c3f-9ca0-118e23e0fc3a","ParentWorkflowIdentifier":"94f487c5-fa50-4087-b15a-38902ddeada7","Name":"PendingActionTimeout","Value":null}],"AutoSkipOnFailure":false,"IsDebugMockData":false,"StepDebugData":null,"ParentStepContainerId":null,"IsTouchedByAi":false,"ParallelActions":[]}],"Triggers":[{"Identifier":"408be6c4-8099-43a8-8434-542e9ed8a779","IsEnabled":false,"DefinitionIdentifier":"94f487c5-fa50-4087-b15a-38902ddeada7","Type":8,"WorkflowName":null,"LogicalOperator":0,"Conditions":[{"FieldName":"","MatchType":0,"Value":""}],"Environments":["*"]}],"OverviewTemplates":[],"Permissions":[],"Environments":["*"]}}