{"CategoryName":"Team Cymru Use Cases","OverviewTemplatesDetails":[],"WidgetTemplates":[],"Definition":{"Identifier":"7d959db0-73b3-4ab0-8141-bfe4557d39a5","IsEnable":true,"Version":1.0,"IsArchived":false,"IsAutomatic":true,"Name":"Time difference","Category":2,"Description":"This block receives a time (in milliseconds), and outputs the time difference (in seconds) with the current time.","Priority":2,"Creator":"11f7964a-fbca-4a65-a00f-b0f3f2f2ed9e","VersionCreator":null,"VersionComment":null,"OriginalWorkflowIdentifier":"7d959db0-73b3-4ab0-8141-bfe4557d39a5","TemplateName":null,"PlaybookType":1,"IsDebugMode":false,"DebugBaseAlertIdentifier":null,"DebugAlertIdentifier":null,"SimulationClone":false,"DefaultAccessLevel":2,"Steps":[{"Identifier":"31228cc2-fb28-4d2b-98d1-e380e5df627a","OriginalStepIdentifier":"31228cc2-fb28-4d2b-98d1-e380e5df627a","ParentWorkflowIdentifier":"7d959db0-73b3-4ab0-8141-bfe4557d39a5","ParentStepIdentifiers":["dd6a95d6-df01-4399-906e-cca1ea2ad9dd"],"ParentStepIdentifier":"dd6a95d6-df01-4399-906e-cca1ea2ad9dd","PreviousResultCondition":"{}","InstanceName":"Convert Time Format","IsAutomatic":true,"Name":"Functions_Convert Time Format","IsSkippable":false,"Description":"Convert a datetime value from one format to another format.  ","ActionProvider":"Scripts","ActionName":"Functions_Convert Time Format","Type":0,"Integration":"Functions","Parameters":[{"ParentStepIdentifier":"31228cc2-fb28-4d2b-98d1-e380e5df627a","ParentWorkflowIdentifier":"7d959db0-73b3-4ab0-8141-bfe4557d39a5","Name":"AssignedUsers","Value":null},{"ParentStepIdentifier":"31228cc2-fb28-4d2b-98d1-e380e5df627a","ParentWorkflowIdentifier":"7d959db0-73b3-4ab0-8141-bfe4557d39a5","Name":"DynamicInjectionInstancePlaceholder","Value":""},{"ParentStepIdentifier":"31228cc2-fb28-4d2b-98d1-e380e5df627a","ParentWorkflowIdentifier":"7d959db0-73b3-4ab0-8141-bfe4557d39a5","Name":"FallbackIntegrationInstance","Value":null},{"ParentStepIdentifier":"31228cc2-fb28-4d2b-98d1-e380e5df627a","ParentWorkflowIdentifier":"7d959db0-73b3-4ab0-8141-bfe4557d39a5","Name":"FetchInstanceByName","Value":"false"},{"ParentStepIdentifier":"31228cc2-fb28-4d2b-98d1-e380e5df627a","ParentWorkflowIdentifier":"7d959db0-73b3-4ab0-8141-bfe4557d39a5","Name":"HasApprovalLink","Value":null},{"ParentStepIdentifier":"31228cc2-fb28-4d2b-98d1-e380e5df627a","ParentWorkflowIdentifier":"7d959db0-73b3-4ab0-8141-bfe4557d39a5","Name":"IntegrationInstance","Value":"AutomaticEnvironment"},{"ParentStepIdentifier":"31228cc2-fb28-4d2b-98d1-e380e5df627a","ParentWorkflowIdentifier":"7d959db0-73b3-4ab0-8141-bfe4557d39a5","Name":"MessageToAssignee","Value":null},{"ParentStepIdentifier":"31228cc2-fb28-4d2b-98d1-e380e5df627a","ParentWorkflowIdentifier":"7d959db0-73b3-4ab0-8141-bfe4557d39a5","Name":"PendingActionTimeout","Value":null},{"ParentStepIdentifier":"31228cc2-fb28-4d2b-98d1-e380e5df627a","ParentWorkflowIdentifier":"7d959db0-73b3-4ab0-8141-bfe4557d39a5","Name":"ScriptName","Value":"Functions_Convert Time Format"},{"ParentStepIdentifier":"31228cc2-fb28-4d2b-98d1-e380e5df627a","ParentWorkflowIdentifier":"7d959db0-73b3-4ab0-8141-bfe4557d39a5","Name":"ScriptParametersEntityFields","Value":"{\"Input\":\"[Convert seconds to integer.ScriptResult]\\n\",\"From Format\":\"%S\",\"To Format\":\"YYYY-MM-DD HH:mm:ss\",\"Time Delta In Seconds\":\"0\",\"Timezone\":\"\"}"},{"ParentStepIdentifier":"31228cc2-fb28-4d2b-98d1-e380e5df627a","ParentWorkflowIdentifier":"7d959db0-73b3-4ab0-8141-bfe4557d39a5","Name":"SelectedScopeName","Value":"All entities"}],"AutoSkipOnFailure":false,"IsDebugMockData":false,"StepDebugData":null,"ParentStepContainerId":null,"IsTouchedByAi":false,"ParallelActions":[]},{"Identifier":"a6f73620-6f07-4f54-b444-0b30bb90d0b2","OriginalStepIdentifier":"a6f73620-6f07-4f54-b444-0b30bb90d0b2","ParentWorkflowIdentifier":"7d959db0-73b3-4ab0-8141-bfe4557d39a5","ParentStepIdentifiers":["b12ccdad-d83b-40dc-80dd-01f6d9f95761"],"ParentStepIdentifier":"b12ccdad-d83b-40dc-80dd-01f6d9f95761","PreviousResultCondition":"{}","InstanceName":"Output_1","IsAutomatic":true,"Name":"Output","IsSkippable":false,"Description":"","ActionProvider":"Flow","ActionName":"OutputAction","Type":6,"Integration":"Flow","Parameters":[{"ParentStepIdentifier":"a6f73620-6f07-4f54-b444-0b30bb90d0b2","ParentWorkflowIdentifier":"7d959db0-73b3-4ab0-8141-bfe4557d39a5","Name":"NestedWorkflowOutput","Value":"[Calculate time difference.seconds]"}],"AutoSkipOnFailure":false,"IsDebugMockData":false,"StepDebugData":null,"ParentStepContainerId":null,"IsTouchedByAi":false,"ParallelActions":[]},{"Identifier":"b12ccdad-d83b-40dc-80dd-01f6d9f95761","OriginalStepIdentifier":"b12ccdad-d83b-40dc-80dd-01f6d9f95761","ParentWorkflowIdentifier":"7d959db0-73b3-4ab0-8141-bfe4557d39a5","ParentStepIdentifiers":["31228cc2-fb28-4d2b-98d1-e380e5df627a"],"ParentStepIdentifier":"31228cc2-fb28-4d2b-98d1-e380e5df627a","PreviousResultCondition":"{}","InstanceName":"Calculate time difference","IsAutomatic":true,"Name":"Functions_Time Duration Calculator","IsSkippable":false,"Description":"The Time Duration Calculator will calculate the time that has elapsed/difference between two dates with time.","ActionProvider":"Scripts","ActionName":"Functions_Time Duration Calculator","Type":0,"Integration":"Functions","Parameters":[{"ParentStepIdentifier":"b12ccdad-d83b-40dc-80dd-01f6d9f95761","ParentWorkflowIdentifier":"7d959db0-73b3-4ab0-8141-bfe4557d39a5","Name":"AssignedUsers","Value":null},{"ParentStepIdentifier":"b12ccdad-d83b-40dc-80dd-01f6d9f95761","ParentWorkflowIdentifier":"7d959db0-73b3-4ab0-8141-bfe4557d39a5","Name":"AsyncActionTimeout","Value":"86400"},{"ParentStepIdentifier":"b12ccdad-d83b-40dc-80dd-01f6d9f95761","ParentWorkflowIdentifier":"7d959db0-73b3-4ab0-8141-bfe4557d39a5","Name":"AsyncPollingInterval","Value":"3600"},{"ParentStepIdentifier":"b12ccdad-d83b-40dc-80dd-01f6d9f95761","ParentWorkflowIdentifier":"7d959db0-73b3-4ab0-8141-bfe4557d39a5","Name":"DynamicInjectionInstancePlaceholder","Value":""},{"ParentStepIdentifier":"b12ccdad-d83b-40dc-80dd-01f6d9f95761","ParentWorkflowIdentifier":"7d959db0-73b3-4ab0-8141-bfe4557d39a5","Name":"FallbackIntegrationInstance","Value":null},{"ParentStepIdentifier":"b12ccdad-d83b-40dc-80dd-01f6d9f95761","ParentWorkflowIdentifier":"7d959db0-73b3-4ab0-8141-bfe4557d39a5","Name":"FetchInstanceByName","Value":"false"},{"ParentStepIdentifier":"b12ccdad-d83b-40dc-80dd-01f6d9f95761","ParentWorkflowIdentifier":"7d959db0-73b3-4ab0-8141-bfe4557d39a5","Name":"HasApprovalLink","Value":null},{"ParentStepIdentifier":"b12ccdad-d83b-40dc-80dd-01f6d9f95761","ParentWorkflowIdentifier":"7d959db0-73b3-4ab0-8141-bfe4557d39a5","Name":"IntegrationInstance","Value":"AutomaticEnvironment"},{"ParentStepIdentifier":"b12ccdad-d83b-40dc-80dd-01f6d9f95761","ParentWorkflowIdentifier":"7d959db0-73b3-4ab0-8141-bfe4557d39a5","Name":"MessageToAssignee","Value":null},{"ParentStepIdentifier":"b12ccdad-d83b-40dc-80dd-01f6d9f95761","ParentWorkflowIdentifier":"7d959db0-73b3-4ab0-8141-bfe4557d39a5","Name":"PendingActionTimeout","Value":null},{"ParentStepIdentifier":"b12ccdad-d83b-40dc-80dd-01f6d9f95761","ParentWorkflowIdentifier":"7d959db0-73b3-4ab0-8141-bfe4557d39a5","Name":"ScriptName","Value":"Functions_Time Duration Calculator"},{"ParentStepIdentifier":"b12ccdad-d83b-40dc-80dd-01f6d9f95761","ParentWorkflowIdentifier":"7d959db0-73b3-4ab0-8141-bfe4557d39a5","Name":"ScriptParametersEntityFields","Value":"{\"Input DateTime 1\":\"[Convert Time Format.ScriptResult]\",\"Input DateTime 1 Format\":\"%Y-%m-%d %H:%M:%S\",\"Input DateTime 2\":\"\\rnow\",\"Input DateTime 2 Format\":\"%Y-%m-%dT%H:%M:%S%z\"}"},{"ParentStepIdentifier":"b12ccdad-d83b-40dc-80dd-01f6d9f95761","ParentWorkflowIdentifier":"7d959db0-73b3-4ab0-8141-bfe4557d39a5","Name":"SelectedScopeName","Value":"All entities"}],"AutoSkipOnFailure":false,"IsDebugMockData":false,"StepDebugData":null,"ParentStepContainerId":null,"IsTouchedByAi":false,"ParallelActions":[]},{"Identifier":"d3335914-ba6c-453a-9558-cc8802182465","OriginalStepIdentifier":"d3335914-ba6c-453a-9558-cc8802182465","ParentWorkflowIdentifier":"7d959db0-73b3-4ab0-8141-bfe4557d39a5","ParentStepIdentifiers":[],"ParentStepIdentifier":"","PreviousResultCondition":null,"InstanceName":"Convert ms to s","IsAutomatic":true,"Name":"Functions_Math Arithmetic","IsSkippable":false,"Description":"A set of built in math operators:\nPlus - returns a result for the sum of 2 arguments\nSub - returns a result for 1 argument minus the other\nMulti - returns a result for 1 argument multiplied by the other\nDiv - returns a result for 1 argument divided by the other\nMod - returns the result of the percentage between 2 arguments","ActionProvider":"Scripts","ActionName":"Functions_Math Arithmetic","Type":0,"Integration":"Functions","Parameters":[{"ParentStepIdentifier":"d3335914-ba6c-453a-9558-cc8802182465","ParentWorkflowIdentifier":"7d959db0-73b3-4ab0-8141-bfe4557d39a5","Name":"AssignedUsers","Value":null},{"ParentStepIdentifier":"d3335914-ba6c-453a-9558-cc8802182465","ParentWorkflowIdentifier":"7d959db0-73b3-4ab0-8141-bfe4557d39a5","Name":"AsyncActionTimeout","Value":"86400"},{"ParentStepIdentifier":"d3335914-ba6c-453a-9558-cc8802182465","ParentWorkflowIdentifier":"7d959db0-73b3-4ab0-8141-bfe4557d39a5","Name":"AsyncPollingInterval","Value":"3600"},{"ParentStepIdentifier":"d3335914-ba6c-453a-9558-cc8802182465","ParentWorkflowIdentifier":"7d959db0-73b3-4ab0-8141-bfe4557d39a5","Name":"DynamicInjectionInstancePlaceholder","Value":""},{"ParentStepIdentifier":"d3335914-ba6c-453a-9558-cc8802182465","ParentWorkflowIdentifier":"7d959db0-73b3-4ab0-8141-bfe4557d39a5","Name":"FallbackIntegrationInstance","Value":null},{"ParentStepIdentifier":"d3335914-ba6c-453a-9558-cc8802182465","ParentWorkflowIdentifier":"7d959db0-73b3-4ab0-8141-bfe4557d39a5","Name":"FetchInstanceByName","Value":"false"},{"ParentStepIdentifier":"d3335914-ba6c-453a-9558-cc8802182465","ParentWorkflowIdentifier":"7d959db0-73b3-4ab0-8141-bfe4557d39a5","Name":"HasApprovalLink","Value":null},{"ParentStepIdentifier":"d3335914-ba6c-453a-9558-cc8802182465","ParentWorkflowIdentifier":"7d959db0-73b3-4ab0-8141-bfe4557d39a5","Name":"IntegrationInstance","Value":"AutomaticEnvironment"},{"ParentStepIdentifier":"d3335914-ba6c-453a-9558-cc8802182465","ParentWorkflowIdentifier":"7d959db0-73b3-4ab0-8141-bfe4557d39a5","Name":"MessageToAssignee","Value":null},{"ParentStepIdentifier":"d3335914-ba6c-453a-9558-cc8802182465","ParentWorkflowIdentifier":"7d959db0-73b3-4ab0-8141-bfe4557d39a5","Name":"PendingActionTimeout","Value":null},{"ParentStepIdentifier":"d3335914-ba6c-453a-9558-cc8802182465","ParentWorkflowIdentifier":"7d959db0-73b3-4ab0-8141-bfe4557d39a5","Name":"ScriptName","Value":"Functions_Math Arithmetic"},{"ParentStepIdentifier":"d3335914-ba6c-453a-9558-cc8802182465","ParentWorkflowIdentifier":"7d959db0-73b3-4ab0-8141-bfe4557d39a5","Name":"ScriptParametersEntityFields","Value":"{\"Function\":\"Div\",\"Arg 2\":\"1000\",\"Arg 1\":\"[Input.input_ms_time]\\n\"}"},{"ParentStepIdentifier":"d3335914-ba6c-453a-9558-cc8802182465","ParentWorkflowIdentifier":"7d959db0-73b3-4ab0-8141-bfe4557d39a5","Name":"SelectedScopeName","Value":"All entities"}],"AutoSkipOnFailure":false,"IsDebugMockData":false,"StepDebugData":null,"ParentStepContainerId":null,"IsTouchedByAi":false,"ParallelActions":[]},{"Identifier":"dd6a95d6-df01-4399-906e-cca1ea2ad9dd","OriginalStepIdentifier":"dd6a95d6-df01-4399-906e-cca1ea2ad9dd","ParentWorkflowIdentifier":"7d959db0-73b3-4ab0-8141-bfe4557d39a5","ParentStepIdentifiers":["d3335914-ba6c-453a-9558-cc8802182465"],"ParentStepIdentifier":"d3335914-ba6c-453a-9558-cc8802182465","PreviousResultCondition":"{}","InstanceName":"Convert seconds to integer","IsAutomatic":true,"Name":"Functions_Math Functions","IsSkippable":false,"Description":"A set of built-in Python functions - \nAbs - returns the absolute value of a number\nFloat - returns a floating point number\nDisplay - converts the number to include commas where needed\nHex - converts a number into a hexadecimal value\nInt - returns an integer number\nMax - returns the largest item in an iterable \nMin - returns the smallest item in an iterable\nRound - rounds a number\nSort - returns a sorted number\nSum - sums the items of an iterator","ActionProvider":"Scripts","ActionName":"Functions_Math Functions","Type":0,"Integration":"Functions","Parameters":[{"ParentStepIdentifier":"dd6a95d6-df01-4399-906e-cca1ea2ad9dd","ParentWorkflowIdentifier":"7d959db0-73b3-4ab0-8141-bfe4557d39a5","Name":"AssignedUsers","Value":null},{"ParentStepIdentifier":"dd6a95d6-df01-4399-906e-cca1ea2ad9dd","ParentWorkflowIdentifier":"7d959db0-73b3-4ab0-8141-bfe4557d39a5","Name":"DynamicInjectionInstancePlaceholder","Value":""},{"ParentStepIdentifier":"dd6a95d6-df01-4399-906e-cca1ea2ad9dd","ParentWorkflowIdentifier":"7d959db0-73b3-4ab0-8141-bfe4557d39a5","Name":"FallbackIntegrationInstance","Value":null},{"ParentStepIdentifier":"dd6a95d6-df01-4399-906e-cca1ea2ad9dd","ParentWorkflowIdentifier":"7d959db0-73b3-4ab0-8141-bfe4557d39a5","Name":"FetchInstanceByName","Value":"false"},{"ParentStepIdentifier":"dd6a95d6-df01-4399-906e-cca1ea2ad9dd","ParentWorkflowIdentifier":"7d959db0-73b3-4ab0-8141-bfe4557d39a5","Name":"HasApprovalLink","Value":null},{"ParentStepIdentifier":"dd6a95d6-df01-4399-906e-cca1ea2ad9dd","ParentWorkflowIdentifier":"7d959db0-73b3-4ab0-8141-bfe4557d39a5","Name":"IntegrationInstance","Value":"AutomaticEnvironment"},{"ParentStepIdentifier":"dd6a95d6-df01-4399-906e-cca1ea2ad9dd","ParentWorkflowIdentifier":"7d959db0-73b3-4ab0-8141-bfe4557d39a5","Name":"MessageToAssignee","Value":null},{"ParentStepIdentifier":"dd6a95d6-df01-4399-906e-cca1ea2ad9dd","ParentWorkflowIdentifier":"7d959db0-73b3-4ab0-8141-bfe4557d39a5","Name":"PendingActionTimeout","Value":null},{"ParentStepIdentifier":"dd6a95d6-df01-4399-906e-cca1ea2ad9dd","ParentWorkflowIdentifier":"7d959db0-73b3-4ab0-8141-bfe4557d39a5","Name":"ScriptName","Value":"Functions_Math Functions"},{"ParentStepIdentifier":"dd6a95d6-df01-4399-906e-cca1ea2ad9dd","ParentWorkflowIdentifier":"7d959db0-73b3-4ab0-8141-bfe4557d39a5","Name":"ScriptParametersEntityFields","Value":"{\"Function\":\"Int\",\"Numbers\":\"[Convert ms to s.ScriptResult]\\n\"}"},{"ParentStepIdentifier":"dd6a95d6-df01-4399-906e-cca1ea2ad9dd","ParentWorkflowIdentifier":"7d959db0-73b3-4ab0-8141-bfe4557d39a5","Name":"SelectedScopeName","Value":"All entities"}],"AutoSkipOnFailure":false,"IsDebugMockData":false,"StepDebugData":null,"ParentStepContainerId":null,"IsTouchedByAi":false,"ParallelActions":[]}],"Triggers":[{"Identifier":"02e56ff2-9799-43db-9d48-d5362cfd13ef","IsEnabled":true,"DefinitionIdentifier":"7d959db0-73b3-4ab0-8141-bfe4557d39a5","Type":11,"WorkflowName":null,"LogicalOperator":0,"Conditions":[{"FieldName":"input_ms_time","MatchType":0,"Value":"0"}],"Environments":["*"]}],"OverviewTemplates":[],"Permissions":[],"Environments":["*"]}}